<?xml version = '1.0' encoding = 'UTF-8'?>
<Entity class="oracle.dbtools.crest.model.design.logical.Entity" directorySegmentName="seg_0" id="03A5A116-3D65-F48B-52E4-10FA0EC0069F" name="Release">
<createdBy>lmilbor</createdBy>
<createdTime>2017-04-20 08:00:10 UTC</createdTime>
<ownerDesignName>JOBDD</ownerDesignName>
<engineerTo>
<item key="72533705-F427-5F0F-06DC-521ED4F752A2" value="true"/>
</engineerTo>
<adequatelyNormalized>NO</adequatelyNormalized>
<expectedVolumes>0</expectedVolumes>
<fwdEngineeringStrategyName>Single Table</fwdEngineeringStrategyName>
<growthPercent>0</growthPercent>
<growthType>Year</growthType>
<maxVolumes>9999999</maxVolumes>
<minVolumes>0</minVolumes>
<normalForm>Third</normalForm>
<attributes itemClass="oracle.dbtools.crest.model.design.logical.Attribute">
<Attribute name="IDRelease" id="3F3D92FE-5A95-7693-2BAD-2C808B7D6CE8">
<createdBy>lmilbor</createdBy>
<createdTime>2017-04-20 08:00:21 UTC</createdTime>
<ownerDesignName>JOBDD</ownerDesignName>
<engineerTo>
<item key="72533705-F427-5F0F-06DC-521ED4F752A2" value="true"/>
</engineerTo>
<use>0</use>
<logicalDatatype>LOGDT011</logicalDatatype>
<domain>3CFE9CD6-48A8-CF5C-A0BC-3F5C21859E54</domain>
<ownDataTypeParameters>,,</ownDataTypeParameters>
<listOfRanges>
<rangeDef class="oracle.dbtools.crest.model.design.constraint.AVT">
<beginValue>1</beginValue>
<endValue>999</endValue>
</rangeDef>
</listOfRanges>
</Attribute>
<Attribute name="DateSetup" id="F45C35D9-468D-B1D5-F750-2A370CAA613A">
<createdBy>lmilbor</createdBy>
<createdTime>2017-04-20 08:00:55 UTC</createdTime>
<ownerDesignName>JOBDD</ownerDesignName>
<engineerTo>
<item key="72533705-F427-5F0F-06DC-521ED4F752A2" value="true"/>
</engineerTo>
<useDomainConstraints>false</useDomainConstraints>
<use>1</use>
<logicalDatatype>LOGDT007</logicalDatatype>
<ownDataTypeParameters>,,</ownDataTypeParameters>
</Attribute>
<Attribute name="IDVersion" id="33B82A41-C1F1-92A2-E48C-A139061B4D5B">
<createdBy>lmilbor</createdBy>
<createdTime>2017-04-20 08:01:17 UTC</createdTime>
<generatorID>F55A0985-31E1-DFDF-5DAB-AE89DE4EB416</generatorID>
<ownerDesignName>JOBDD</ownerDesignName>
<engineerTo>
<item key="72533705-F427-5F0F-06DC-521ED4F752A2" value="true"/>
</engineerTo>
<referedAttribute>2B30CE50-A493-3815-70BF-2A94E0A43565</referedAttribute>
<use>0</use>
<logicalDatatype>LOGDT037</logicalDatatype>
<domain>2F9F4157-D369-FAC0-12D7-54FAC69A7F30</domain>
<ownDataTypeParameters>,,</ownDataTypeParameters>
</Attribute>
<Attribute name="IDLogiciel" id="1EFDD035-D547-D1A5-B60C-FEC498EC398B">
<createdBy>lmilbor</createdBy>
<createdTime>2017-04-20 08:01:17 UTC</createdTime>
<generatorID>F55A0985-31E1-DFDF-5DAB-AE89DE4EB416</generatorID>
<ownerDesignName>JOBDD</ownerDesignName>
<engineerTo>
<item key="72533705-F427-5F0F-06DC-521ED4F752A2" value="true"/>
</engineerTo>
<referedAttribute>3BBD6C8D-4FC5-501B-4550-4848C68EE2FE</referedAttribute>
<use>0</use>
<logicalDatatype>LOGDT011</logicalDatatype>
<domain>C473CA17-FD47-5170-4376-4822F9175FD8</domain>
<ownDataTypeParameters>,,</ownDataTypeParameters>
</Attribute>
</attributes>
<identifiers itemClass="oracle.dbtools.crest.model.design.logical.CandidateKey">
<identifier id="A3233840-66CF-A9F6-FA4E-E5EDA5E6DCC0" name="Releases PK">
<createdBy>lmilbor</createdBy>
<createdTime>2017-04-20 08:00:44 UTC</createdTime>
<ownerDesignName>JOBDD</ownerDesignName>
<shouldEngineer>false</shouldEngineer>
<engineerTo>
<item key="72533705-F427-5F0F-06DC-521ED4F752A2" value="false"/>
</engineerTo>
<pk>true</pk>
<usedAttributes>
<attributeRef>3F3D92FE-5A95-7693-2BAD-2C808B7D6CE8</attributeRef>
<attributeRef>33B82A41-C1F1-92A2-E48C-A139061B4D5B</attributeRef>
<attributeRef>1EFDD035-D547-D1A5-B60C-FEC498EC398B</attributeRef>
</usedAttributes>
</identifier>
</identifiers>
</Entity>