<?xml version = '1.0' encoding = 'UTF-8'?>
<Entity class="oracle.dbtools.crest.model.design.logical.Entity" directorySegmentName="seg_0" id="40A16B43-D996-786C-2059-AF7A41A45E2D" name="Service">
<createdBy>lmilbor</createdBy>
<createdTime>2017-04-20 08:01:49 UTC</createdTime>
<ownerDesignName>JOBDD</ownerDesignName>
<engineerTo>
<item key="72533705-F427-5F0F-06DC-521ED4F752A2" value="true"/>
</engineerTo>
<adequatelyNormalized>NO</adequatelyNormalized>
<expectedVolumes>0</expectedVolumes>
<fwdEngineeringStrategyName>Single Table</fwdEngineeringStrategyName>
<growthPercent>0</growthPercent>
<growthType>Year</growthType>
<maxVolumes>9999999</maxVolumes>
<minVolumes>0</minVolumes>
<normalForm>Third</normalForm>
<attributes itemClass="oracle.dbtools.crest.model.design.logical.Attribute">
<Attribute name="IDService" id="FFA1D3E4-E79C-D382-4C65-DDAFEDB45866">
<createdBy>lmilbor</createdBy>
<createdTime>2017-04-20 08:01:56 UTC</createdTime>
<ownerDesignName>JOBDD</ownerDesignName>
<engineerTo>
<item key="72533705-F427-5F0F-06DC-521ED4F752A2" value="true"/>
</engineerTo>
<use>0</use>
<logicalDatatype>LOGDT037</logicalDatatype>
<domain>2F9F4157-D369-FAC0-12D7-54FAC69A7F30</domain>
<ownDataTypeParameters>,,</ownDataTypeParameters>
</Attribute>
<Attribute name="Libellé" id="BDD89158-D43F-04E4-0021-4EF4B9B4B164">
<createdBy>lmilbor</createdBy>
<createdTime>2017-04-20 08:02:17 UTC</createdTime>
<ownerDesignName>JOBDD</ownerDesignName>
<engineerTo>
<item key="72533705-F427-5F0F-06DC-521ED4F752A2" value="true"/>
</engineerTo>
<use>0</use>
<logicalDatatype>LOGDT037</logicalDatatype>
<domain>B50956F4-7C3F-31CE-F6D8-AD20C1D54CB4</domain>
<ownDataTypeParameters>,,</ownDataTypeParameters>
</Attribute>
</attributes>
<identifiers itemClass="oracle.dbtools.crest.model.design.logical.CandidateKey">
<identifier id="8EB9B46F-6D77-2D40-EC62-B413CB30369C" name="Services PK">
<createdBy>lmilbor</createdBy>
<createdTime>2017-04-20 08:02:04 UTC</createdTime>
<ownerDesignName>JOBDD</ownerDesignName>
<shouldEngineer>false</shouldEngineer>
<engineerTo>
<item key="72533705-F427-5F0F-06DC-521ED4F752A2" value="false"/>
</engineerTo>
<pk>true</pk>
<usedAttributes>
<attributeRef>FFA1D3E4-E79C-D382-4C65-DDAFEDB45866</attributeRef>
</usedAttributes>
</identifier>
</identifiers>
</Entity>