<?xml version = '1.0' encoding = 'UTF-8'?>
<Entity class="oracle.dbtools.crest.model.design.logical.Entity" directorySegmentName="seg_0" id="55E365A9-3E68-F667-4874-3916DFBC15DB" name="Module">
<createdBy>lmilbor</createdBy>
<createdTime>2017-04-20 07:24:38 UTC</createdTime>
<ownerDesignName>JOBDD</ownerDesignName>
<engineerTo>
<item key="72533705-F427-5F0F-06DC-521ED4F752A2" value="true"/>
</engineerTo>
<adequatelyNormalized>NO</adequatelyNormalized>
<expectedVolumes>0</expectedVolumes>
<fwdEngineeringStrategyName>Single Table</fwdEngineeringStrategyName>
<growthPercent>0</growthPercent>
<growthType>Year</growthType>
<maxVolumes>9999999</maxVolumes>
<minVolumes>0</minVolumes>
<normalForm>Third</normalForm>
<attributes itemClass="oracle.dbtools.crest.model.design.logical.Attribute">
<Attribute name="IDModule" id="8C9BBF72-EB63-6081-82AF-390DF267FDBA">
<createdBy>lmilbor</createdBy>
<createdTime>2017-04-20 07:26:51 UTC</createdTime>
<ownerDesignName>JOBDD</ownerDesignName>
<engineerTo>
<item key="72533705-F427-5F0F-06DC-521ED4F752A2" value="true"/>
</engineerTo>
<use>0</use>
<logicalDatatype>LOGDT037</logicalDatatype>
<domain>2F9F4157-D369-FAC0-12D7-54FAC69A7F30</domain>
<ownDataTypeParameters>,,</ownDataTypeParameters>
</Attribute>
<Attribute name="IDLogiciel" id="40904F18-84CB-4D74-2C54-34E94ED1F5B8">
<createdBy>lmilbor</createdBy>
<createdTime>2017-04-20 07:34:04 UTC</createdTime>
<generatorID>04471EA0-3ACE-3872-7550-C7393A2B2F31</generatorID>
<ownerDesignName>JOBDD</ownerDesignName>
<engineerTo>
<item key="72533705-F427-5F0F-06DC-521ED4F752A2" value="true"/>
</engineerTo>
<referedAttribute>62C659B0-3984-9399-17CD-ABE59F4E8B67</referedAttribute>
<use>0</use>
<logicalDatatype>LOGDT011</logicalDatatype>
<domain>C473CA17-FD47-5170-4376-4822F9175FD8</domain>
<ownDataTypeParameters>,,</ownDataTypeParameters>
</Attribute>
<Attribute name="IDModule1" id="FBFDAF83-9B19-E7D2-5F6C-512B096C1695">
<createdBy>lmilbor</createdBy>
<createdTime>2017-04-20 07:34:36 UTC</createdTime>
<generatorID>D7DD4652-7676-0682-0AE1-02496360C873</generatorID>
<ownerDesignName>JOBDD</ownerDesignName>
<engineerTo>
<item key="72533705-F427-5F0F-06DC-521ED4F752A2" value="true"/>
</engineerTo>
<nullsAllowed>true</nullsAllowed>
<referedAttribute>8C9BBF72-EB63-6081-82AF-390DF267FDBA</referedAttribute>
<use>0</use>
<logicalDatatype>LOGDT037</logicalDatatype>
<domain>2F9F4157-D369-FAC0-12D7-54FAC69A7F30</domain>
<ownDataTypeParameters>,,</ownDataTypeParameters>
</Attribute>
<Attribute name="Libellé" id="F4ECA53F-A24A-D34C-6622-A407403B3168">
<createdBy>lmilbor</createdBy>
<createdTime>2017-04-20 08:08:24 UTC</createdTime>
<ownerDesignName>JOBDD</ownerDesignName>
<engineerTo>
<item key="72533705-F427-5F0F-06DC-521ED4F752A2" value="true"/>
</engineerTo>
<use>0</use>
<logicalDatatype>LOGDT037</logicalDatatype>
<domain>B50956F4-7C3F-31CE-F6D8-AD20C1D54CB4</domain>
<ownDataTypeParameters>,,</ownDataTypeParameters>
</Attribute>
</attributes>
<identifiers itemClass="oracle.dbtools.crest.model.design.logical.CandidateKey">
<identifier id="BF669AFB-2571-8769-F56B-5F27B5FBD5E5" name="Modules PK">
<createdBy>lmilbor</createdBy>
<createdTime>2017-04-20 07:27:00 UTC</createdTime>
<ownerDesignName>JOBDD</ownerDesignName>
<shouldEngineer>false</shouldEngineer>
<engineerTo>
<item key="72533705-F427-5F0F-06DC-521ED4F752A2" value="false"/>
</engineerTo>
<pk>true</pk>
<usedAttributes>
<attributeRef>8C9BBF72-EB63-6081-82AF-390DF267FDBA</attributeRef>
</usedAttributes>
</identifier>
</identifiers>
</Entity>