<?xml version = '1.0' encoding = 'UTF-8'?>
<Entity class="oracle.dbtools.crest.model.design.logical.Entity" directorySegmentName="seg_0" id="68A574CC-1608-F667-7F89-937DB1677A4E" name="TacheProduction">
<createdBy>lmilbor</createdBy>
<createdTime>2017-04-20 07:29:58 UTC</createdTime>
<ownerDesignName>JOBDD</ownerDesignName>
<engineerTo>
<item key="72533705-F427-5F0F-06DC-521ED4F752A2" value="true"/>
</engineerTo>
<adequatelyNormalized>NO</adequatelyNormalized>
<expectedVolumes>0</expectedVolumes>
<fwdEngineeringStrategyName>Single Table</fwdEngineeringStrategyName>
<growthPercent>0</growthPercent>
<growthType>Year</growthType>
<hierarchicalParent>A603A937-6043-0F86-9116-C546E6FD0CB3</hierarchicalParent>
<maxVolumes>9999999</maxVolumes>
<minVolumes>0</minVolumes>
<normalForm>Third</normalForm>
<attributes itemClass="oracle.dbtools.crest.model.design.logical.Attribute">
<Attribute name="IDVersion" id="6E73F7DC-65CF-D3F6-88E2-3EC3F6B1E951">
<createdBy>lmilbor</createdBy>
<createdTime>2017-04-20 07:44:19 UTC</createdTime>
<generatorID>54DE4992-1E5D-D87E-17A9-273B32477C02</generatorID>
<ownerDesignName>JOBDD</ownerDesignName>
<engineerTo>
<item key="72533705-F427-5F0F-06DC-521ED4F752A2" value="true"/>
</engineerTo>
<referedAttribute>2B30CE50-A493-3815-70BF-2A94E0A43565</referedAttribute>
<use>0</use>
<logicalDatatype>LOGDT037</logicalDatatype>
<domain>2F9F4157-D369-FAC0-12D7-54FAC69A7F30</domain>
<ownDataTypeParameters>,,</ownDataTypeParameters>
</Attribute>
<Attribute name="IDModule" id="3D1EA598-5385-FD31-66B3-26917603FCD9">
<createdBy>lmilbor</createdBy>
<createdTime>2017-04-20 07:44:31 UTC</createdTime>
<generatorID>8F586197-AFDC-8958-CABA-A2028BD0C814</generatorID>
<ownerDesignName>JOBDD</ownerDesignName>
<engineerTo>
<item key="72533705-F427-5F0F-06DC-521ED4F752A2" value="true"/>
</engineerTo>
<referedAttribute>8C9BBF72-EB63-6081-82AF-390DF267FDBA</referedAttribute>
<use>0</use>
<logicalDatatype>LOGDT037</logicalDatatype>
<domain>2F9F4157-D369-FAC0-12D7-54FAC69A7F30</domain>
<ownDataTypeParameters>,,</ownDataTypeParameters>
</Attribute>
<Attribute name="IDActivité" id="2DA57E29-FD1D-2C0E-8474-C741F10CC756">
<createdBy>lmilbor</createdBy>
<createdTime>2017-04-20 07:45:17 UTC</createdTime>
<generatorID>EE647B6F-BE3F-AF9F-2BBB-139C679FD120</generatorID>
<ownerDesignName>JOBDD</ownerDesignName>
<engineerTo>
<item key="72533705-F427-5F0F-06DC-521ED4F752A2" value="true"/>
</engineerTo>
<referedAttribute>0C730E6E-9A62-E729-9966-8D0830A49BB1</referedAttribute>
<use>0</use>
<logicalDatatype>LOGDT037</logicalDatatype>
<domain>2F9F4157-D369-FAC0-12D7-54FAC69A7F30</domain>
<ownDataTypeParameters>,,</ownDataTypeParameters>
</Attribute>
<Attribute name="DuréePrévue" id="1D725ABE-5986-7B5A-0971-4E0C34113A7A">
<createdBy>lmilbor</createdBy>
<createdTime>2017-04-20 07:47:51 UTC</createdTime>
<ownerDesignName>JOBDD</ownerDesignName>
<engineerTo>
<item key="72533705-F427-5F0F-06DC-521ED4F752A2" value="true"/>
</engineerTo>
<useDomainConstraints>false</useDomainConstraints>
<use>1</use>
<logicalDatatype>LOGDT020</logicalDatatype>
<ownDataTypeParameters>,,</ownDataTypeParameters>
</Attribute>
<Attribute name="DateDébut" id="AA95EFA3-4BCE-70DF-A25F-915E4E20E2EE">
<createdBy>lmilbor</createdBy>
<createdTime>2017-04-20 07:48:34 UTC</createdTime>
<ownerDesignName>JOBDD</ownerDesignName>
<engineerTo>
<item key="72533705-F427-5F0F-06DC-521ED4F752A2" value="true"/>
</engineerTo>
<useDomainConstraints>false</useDomainConstraints>
<use>1</use>
<logicalDatatype>LOGDT007</logicalDatatype>
<ownDataTypeParameters>,,</ownDataTypeParameters>
</Attribute>
<Attribute name="DuréeRestante" id="C5A18318-683E-17B4-A05F-8C4299565ED1">
<createdBy>lmilbor</createdBy>
<createdTime>2017-04-20 07:50:13 UTC</createdTime>
<ownerDesignName>JOBDD</ownerDesignName>
<engineerTo>
<item key="72533705-F427-5F0F-06DC-521ED4F752A2" value="true"/>
</engineerTo>
<useDomainConstraints>false</useDomainConstraints>
<use>1</use>
<logicalDatatype>LOGDT020</logicalDatatype>
<ownDataTypeParameters>,,</ownDataTypeParameters>
</Attribute>
<Attribute name="IDLogiciel1" id="933CB267-6E05-8A88-B916-6CDCA803D0F4">
<createdBy>lmilbor</createdBy>
<createdTime>2017-04-20 07:57:55 UTC</createdTime>
<generatorID>54DE4992-1E5D-D87E-17A9-273B32477C02</generatorID>
<ownerDesignName>JOBDD</ownerDesignName>
<engineerTo>
<item key="72533705-F427-5F0F-06DC-521ED4F752A2" value="true"/>
</engineerTo>
<referedAttribute>3BBD6C8D-4FC5-501B-4550-4848C68EE2FE</referedAttribute>
<use>0</use>
<logicalDatatype>LOGDT011</logicalDatatype>
<domain>C473CA17-FD47-5170-4376-4822F9175FD8</domain>
<ownDataTypeParameters>,,</ownDataTypeParameters>
</Attribute>
</attributes>
</Entity>