<?xml version = '1.0' encoding = 'UTF-8'?>
<Entity class="oracle.dbtools.crest.model.design.logical.Entity" directorySegmentName="seg_0" id="7795127C-9D9E-80EB-FFBA-D58E3461EE0F" name="Personne">
<createdBy>lmilbor</createdBy>
<createdTime>2017-04-20 07:19:20 UTC</createdTime>
<ownerDesignName>JOBDD</ownerDesignName>
<engineerTo>
<item key="72533705-F427-5F0F-06DC-521ED4F752A2" value="true"/>
</engineerTo>
<adequatelyNormalized>NO</adequatelyNormalized>
<expectedVolumes>0</expectedVolumes>
<fwdEngineeringStrategyName>Single Table</fwdEngineeringStrategyName>
<growthPercent>0</growthPercent>
<growthType>Year</growthType>
<maxVolumes>9999999</maxVolumes>
<minVolumes>0</minVolumes>
<normalForm>Third</normalForm>
<attributes itemClass="oracle.dbtools.crest.model.design.logical.Attribute">
<Attribute name="Login" id="7AA01BD1-0433-546A-75B5-62CD2EB8934F">
<createdBy>lmilbor</createdBy>
<createdTime>2017-04-20 07:26:30 UTC</createdTime>
<ownerDesignName>JOBDD</ownerDesignName>
<engineerTo>
<item key="72533705-F427-5F0F-06DC-521ED4F752A2" value="true"/>
</engineerTo>
<use>0</use>
<logicalDatatype>LOGDT037</logicalDatatype>
<domain>2F9F4157-D369-FAC0-12D7-54FAC69A7F30</domain>
<ownDataTypeParameters>,,</ownDataTypeParameters>
</Attribute>
<Attribute name="IDEquipe" id="ABC37419-8B81-F39B-D643-5AA39F041787">
<createdBy>lmilbor</createdBy>
<createdTime>2017-04-20 07:35:34 UTC</createdTime>
<generatorID>A8EAEAD7-5C4D-25B1-034F-2339765D757D</generatorID>
<ownerDesignName>JOBDD</ownerDesignName>
<engineerTo>
<item key="72533705-F427-5F0F-06DC-521ED4F752A2" value="true"/>
</engineerTo>
<referedAttribute>7C19F2ED-BBAC-78F0-0A65-C2016669AF0D</referedAttribute>
<use>0</use>
<logicalDatatype>LOGDT011</logicalDatatype>
<domain>C473CA17-FD47-5170-4376-4822F9175FD8</domain>
<ownDataTypeParameters>,,</ownDataTypeParameters>
</Attribute>
<Attribute name="IDMetier" id="4D0BC2B6-0ADA-5AA3-5657-C9EFBEC3ED0F">
<createdBy>lmilbor</createdBy>
<createdTime>2017-04-20 07:35:51 UTC</createdTime>
<generatorID>38B8DC56-479F-1CB4-350D-C5A1A5B222A8</generatorID>
<ownerDesignName>JOBDD</ownerDesignName>
<engineerTo>
<item key="72533705-F427-5F0F-06DC-521ED4F752A2" value="true"/>
</engineerTo>
<referedAttribute>92A1176E-5C3B-8068-D6E6-5A04086AC78A</referedAttribute>
<use>0</use>
<logicalDatatype>LOGDT037</logicalDatatype>
<domain>2F9F4157-D369-FAC0-12D7-54FAC69A7F30</domain>
<ownDataTypeParameters>,,</ownDataTypeParameters>
</Attribute>
<Attribute name="Login1" id="C97601AC-AA16-F095-619F-4EE7635CBBF0">
<createdBy>lmilbor</createdBy>
<createdTime>2017-04-20 07:37:08 UTC</createdTime>
<generatorID>72AF9B38-FE89-5CCF-CD0D-A5EFC0776CCD</generatorID>
<ownerDesignName>JOBDD</ownerDesignName>
<engineerTo>
<item key="72533705-F427-5F0F-06DC-521ED4F752A2" value="true"/>
</engineerTo>
<nullsAllowed>true</nullsAllowed>
<referedAttribute>7AA01BD1-0433-546A-75B5-62CD2EB8934F</referedAttribute>
<use>0</use>
<logicalDatatype>LOGDT037</logicalDatatype>
<domain>2F9F4157-D369-FAC0-12D7-54FAC69A7F30</domain>
<ownDataTypeParameters>,,</ownDataTypeParameters>
</Attribute>
<Attribute name="Nom" id="1233BADE-D0CA-CE7D-FA6D-2510E5CE9330">
<createdBy>lmilbor</createdBy>
<createdTime>2017-04-20 08:05:02 UTC</createdTime>
<ownerDesignName>JOBDD</ownerDesignName>
<engineerTo>
<item key="72533705-F427-5F0F-06DC-521ED4F752A2" value="true"/>
</engineerTo>
<use>0</use>
<logicalDatatype>LOGDT037</logicalDatatype>
<domain>B50956F4-7C3F-31CE-F6D8-AD20C1D54CB4</domain>
<ownDataTypeParameters>,,</ownDataTypeParameters>
</Attribute>
<Attribute name="Prénom" id="0C3EB491-2B96-01F9-903F-AA651DD9CCD0">
<createdBy>lmilbor</createdBy>
<createdTime>2017-04-20 08:05:08 UTC</createdTime>
<ownerDesignName>JOBDD</ownerDesignName>
<engineerTo>
<item key="72533705-F427-5F0F-06DC-521ED4F752A2" value="true"/>
</engineerTo>
<use>0</use>
<logicalDatatype>LOGDT037</logicalDatatype>
<domain>B50956F4-7C3F-31CE-F6D8-AD20C1D54CB4</domain>
<ownDataTypeParameters>,,</ownDataTypeParameters>
</Attribute>
<Attribute name="Productivité" id="F894B79A-C81C-ED47-599A-FCFFE143E50C">
<createdBy>lmilbor</createdBy>
<createdTime>2017-04-20 08:05:15 UTC</createdTime>
<ownerDesignName>JOBDD</ownerDesignName>
<engineerTo>
<item key="72533705-F427-5F0F-06DC-521ED4F752A2" value="true"/>
</engineerTo>
<use>0</use>
<logicalDatatype>LOGDT020</logicalDatatype>
<domain>3D328090-5020-2D67-B4AC-5BD067C3B9D8</domain>
<defaultValue>100</defaultValue>
<ownDataTypeParameters>,,</ownDataTypeParameters>
</Attribute>
</attributes>
<identifiers itemClass="oracle.dbtools.crest.model.design.logical.CandidateKey">
<identifier id="46A18A2B-D1D0-3FF0-FE6D-62C4B560FDEC" name="Personnes PK">
<createdBy>lmilbor</createdBy>
<createdTime>2017-04-20 07:26:35 UTC</createdTime>
<ownerDesignName>JOBDD</ownerDesignName>
<shouldEngineer>false</shouldEngineer>
<engineerTo>
<item key="72533705-F427-5F0F-06DC-521ED4F752A2" value="false"/>
</engineerTo>
<pk>true</pk>
<usedAttributes>
<attributeRef>7AA01BD1-0433-546A-75B5-62CD2EB8934F</attributeRef>
</usedAttributes>
</identifier>
</identifiers>
</Entity>