<?xml version = '1.0' encoding = 'UTF-8'?>
<Entity class="oracle.dbtools.crest.model.design.logical.Entity" directorySegmentName="seg_0" id="7B21B3E3-9E5F-C2E7-2E05-49343803B300" name="Equipe">
<createdBy>lmilbor</createdBy>
<createdTime>2017-04-20 07:23:43 UTC</createdTime>
<ownerDesignName>JOBDD</ownerDesignName>
<engineerTo>
<item key="72533705-F427-5F0F-06DC-521ED4F752A2" value="true"/>
</engineerTo>
<adequatelyNormalized>NO</adequatelyNormalized>
<expectedVolumes>0</expectedVolumes>
<fwdEngineeringStrategyName>Single Table</fwdEngineeringStrategyName>
<growthPercent>0</growthPercent>
<growthType>Year</growthType>
<maxVolumes>9999999</maxVolumes>
<minVolumes>0</minVolumes>
<normalForm>Third</normalForm>
<attributes itemClass="oracle.dbtools.crest.model.design.logical.Attribute">
<Attribute name="IDEquipe" id="7C19F2ED-BBAC-78F0-0A65-C2016669AF0D">
<createdBy>lmilbor</createdBy>
<createdTime>2017-04-20 07:26:10 UTC</createdTime>
<ownerDesignName>JOBDD</ownerDesignName>
<engineerTo>
<item key="72533705-F427-5F0F-06DC-521ED4F752A2" value="true"/>
</engineerTo>
<use>0</use>
<logicalDatatype>LOGDT011</logicalDatatype>
<domain>C473CA17-FD47-5170-4376-4822F9175FD8</domain>
<ownDataTypeParameters>,,</ownDataTypeParameters>
</Attribute>
<Attribute name="IDFiliere" id="5052B253-FAAF-5C1F-B221-E15002AAF6C1">
<createdBy>lmilbor</createdBy>
<createdTime>2017-04-20 07:35:09 UTC</createdTime>
<generatorID>2EEBA01B-6B0C-295E-5604-A070FAB69520</generatorID>
<ownerDesignName>JOBDD</ownerDesignName>
<engineerTo>
<item key="72533705-F427-5F0F-06DC-521ED4F752A2" value="true"/>
</engineerTo>
<referedAttribute>CB1A2EB5-256B-0981-3ED3-6F5D3E12CABC</referedAttribute>
<use>0</use>
<logicalDatatype>LOGDT037</logicalDatatype>
<domain>2F9F4157-D369-FAC0-12D7-54FAC69A7F30</domain>
<ownDataTypeParameters>,,</ownDataTypeParameters>
</Attribute>
<Attribute name="IDService" id="663971F0-3C0A-BBE7-58C9-D9178CF5DC62">
<createdBy>lmilbor</createdBy>
<createdTime>2017-04-20 08:02:46 UTC</createdTime>
<generatorID>7F32B68B-545E-2E7B-2200-2A327A992D85</generatorID>
<ownerDesignName>JOBDD</ownerDesignName>
<engineerTo>
<item key="72533705-F427-5F0F-06DC-521ED4F752A2" value="true"/>
</engineerTo>
<referedAttribute>FFA1D3E4-E79C-D382-4C65-DDAFEDB45866</referedAttribute>
<use>0</use>
<logicalDatatype>LOGDT037</logicalDatatype>
<domain>2F9F4157-D369-FAC0-12D7-54FAC69A7F30</domain>
<ownDataTypeParameters>,,</ownDataTypeParameters>
</Attribute>
</attributes>
<identifiers itemClass="oracle.dbtools.crest.model.design.logical.CandidateKey">
<identifier id="7F887B4D-9915-0039-6433-2B6C07C951A7" name="Equipes PK">
<createdBy>lmilbor</createdBy>
<createdTime>2017-04-20 07:26:26 UTC</createdTime>
<ownerDesignName>JOBDD</ownerDesignName>
<shouldEngineer>false</shouldEngineer>
<engineerTo>
<item key="72533705-F427-5F0F-06DC-521ED4F752A2" value="false"/>
</engineerTo>
<pk>true</pk>
<usedAttributes>
<attributeRef>7C19F2ED-BBAC-78F0-0A65-C2016669AF0D</attributeRef>
</usedAttributes>
</identifier>
</identifiers>
</Entity>