<?xml version = '1.0' encoding = 'UTF-8'?>
<Entity class="oracle.dbtools.crest.model.design.logical.Entity" directorySegmentName="seg_0" id="84E63F35-3871-2EA2-2C42-46D81C94EC44" name="Filiere">
<createdBy>lmilbor</createdBy>
<createdTime>2017-04-20 07:24:09 UTC</createdTime>
<ownerDesignName>JOBDD</ownerDesignName>
<engineerTo>
<item key="72533705-F427-5F0F-06DC-521ED4F752A2" value="true"/>
</engineerTo>
<adequatelyNormalized>NO</adequatelyNormalized>
<expectedVolumes>0</expectedVolumes>
<fwdEngineeringStrategyName>Single Table</fwdEngineeringStrategyName>
<growthPercent>0</growthPercent>
<growthType>Year</growthType>
<maxVolumes>9999999</maxVolumes>
<minVolumes>0</minVolumes>
<normalForm>Third</normalForm>
<attributes itemClass="oracle.dbtools.crest.model.design.logical.Attribute">
<Attribute name="IDFiliere" id="CB1A2EB5-256B-0981-3ED3-6F5D3E12CABC">
<createdBy>lmilbor</createdBy>
<createdTime>2017-04-20 07:25:51 UTC</createdTime>
<ownerDesignName>JOBDD</ownerDesignName>
<engineerTo>
<item key="72533705-F427-5F0F-06DC-521ED4F752A2" value="true"/>
</engineerTo>
<use>0</use>
<logicalDatatype>LOGDT037</logicalDatatype>
<domain>2F9F4157-D369-FAC0-12D7-54FAC69A7F30</domain>
<ownDataTypeParameters>,,</ownDataTypeParameters>
</Attribute>
<Attribute name="Libellé" id="BD4E19D1-B121-6B6D-FE76-C4EF9D8714A6">
<createdBy>lmilbor</createdBy>
<createdTime>2017-04-20 08:03:44 UTC</createdTime>
<ownerDesignName>JOBDD</ownerDesignName>
<engineerTo>
<item key="72533705-F427-5F0F-06DC-521ED4F752A2" value="true"/>
</engineerTo>
<use>0</use>
<logicalDatatype>LOGDT037</logicalDatatype>
<domain>B50956F4-7C3F-31CE-F6D8-AD20C1D54CB4</domain>
<ownDataTypeParameters>,,</ownDataTypeParameters>
</Attribute>
</attributes>
<identifiers itemClass="oracle.dbtools.crest.model.design.logical.CandidateKey">
<identifier id="8B813785-3083-44A8-B657-D483405FD58C" name="Filieres PK">
<createdBy>lmilbor</createdBy>
<createdTime>2017-04-20 07:25:52 UTC</createdTime>
<ownerDesignName>JOBDD</ownerDesignName>
<shouldEngineer>false</shouldEngineer>
<engineerTo>
<item key="72533705-F427-5F0F-06DC-521ED4F752A2" value="false"/>
</engineerTo>
<pk>true</pk>
<usedAttributes>
<attributeRef>CB1A2EB5-256B-0981-3ED3-6F5D3E12CABC</attributeRef>
</usedAttributes>
</identifier>
</identifiers>
</Entity>