<?xml version = '1.0' encoding = 'UTF-8'?>
<Entity class="oracle.dbtools.crest.model.design.logical.Entity" directorySegmentName="seg_0" id="88151948-10C7-ECB9-1B8F-E4D776525CA2" name="TempsTache">
<createdBy>lmilbor</createdBy>
<createdTime>2017-04-20 07:54:54 UTC</createdTime>
<ownerDesignName>JOBDD</ownerDesignName>
<engineerTo>
<item key="72533705-F427-5F0F-06DC-521ED4F752A2" value="true"/>
</engineerTo>
<adequatelyNormalized>NO</adequatelyNormalized>
<expectedVolumes>0</expectedVolumes>
<fwdEngineeringStrategyName>Single Table</fwdEngineeringStrategyName>
<growthPercent>0</growthPercent>
<growthType>Year</growthType>
<maxVolumes>9999999</maxVolumes>
<minVolumes>0</minVolumes>
<normalForm>Third</normalForm>
<attributes itemClass="oracle.dbtools.crest.model.design.logical.Attribute">
<Attribute name="IDTache" id="31723F6C-6C11-86BC-1989-356E1D88F46E">
<createdBy>lmilbor</createdBy>
<createdTime>2017-04-20 07:55:55 UTC</createdTime>
<generatorID>E0696467-2639-3A24-97C2-7906A1E68C65</generatorID>
<ownerDesignName>JOBDD</ownerDesignName>
<engineerTo>
<item key="72533705-F427-5F0F-06DC-521ED4F752A2" value="true"/>
</engineerTo>
<referedAttribute>B0A984C8-8E24-3213-C3E0-1617F7843114</referedAttribute>
<use>0</use>
<logicalDatatype>LOGDT011</logicalDatatype>
<domain>C473CA17-FD47-5170-4376-4822F9175FD8</domain>
<ownDataTypeParameters>,,</ownDataTypeParameters>
</Attribute>
<Attribute name="DateMAJ" id="FABEA3EE-2755-6A33-5FDD-1FD1ABD661B1">
<createdBy>lmilbor</createdBy>
<createdTime>2017-04-20 07:56:32 UTC</createdTime>
<ownerDesignName>JOBDD</ownerDesignName>
<engineerTo>
<item key="72533705-F427-5F0F-06DC-521ED4F752A2" value="true"/>
</engineerTo>
<useDomainConstraints>false</useDomainConstraints>
<use>1</use>
<logicalDatatype>LOGDT007</logicalDatatype>
<ownDataTypeParameters>,,</ownDataTypeParameters>
</Attribute>
<Attribute name="TempsPassé" id="E2FDD282-DAD9-F9E7-B1EA-0AB01C613961">
<createdBy>lmilbor</createdBy>
<createdTime>2017-04-20 07:56:58 UTC</createdTime>
<ownerDesignName>JOBDD</ownerDesignName>
<engineerTo>
<item key="72533705-F427-5F0F-06DC-521ED4F752A2" value="true"/>
</engineerTo>
<useDomainConstraints>false</useDomainConstraints>
<use>1</use>
<logicalDatatype>LOGDT020</logicalDatatype>
<ownDataTypeParameters>,,</ownDataTypeParameters>
</Attribute>
<Attribute name="Productivité" id="6D0DFFF5-19D7-EBE4-8CA5-193B0C065C41">
<createdBy>lmilbor</createdBy>
<createdTime>2017-04-20 09:10:37 UTC</createdTime>
<ownerDesignName>JOBDD</ownerDesignName>
<engineerTo>
<item key="72533705-F427-5F0F-06DC-521ED4F752A2" value="true"/>
</engineerTo>
<use>0</use>
<logicalDatatype>LOGDT020</logicalDatatype>
<domain>3D328090-5020-2D67-B4AC-5BD067C3B9D8</domain>
<ownDataTypeParameters>,,</ownDataTypeParameters>
</Attribute>
</attributes>
<identifiers itemClass="oracle.dbtools.crest.model.design.logical.CandidateKey">
<identifier id="EBE106EE-305D-D06A-3E72-CC732B07B4C1" name="TempsTache PK">
<createdBy>lmilbor</createdBy>
<createdTime>2017-04-20 07:55:55 UTC</createdTime>
<ownerDesignName>JOBDD</ownerDesignName>
<engineerTo>
<item key="72533705-F427-5F0F-06DC-521ED4F752A2" value="true"/>
</engineerTo>
<pk>true</pk>
<usedAttributes>
<attributeRef>FABEA3EE-2755-6A33-5FDD-1FD1ABD661B1</attributeRef>
<attributeRef>31723F6C-6C11-86BC-1989-356E1D88F46E</attributeRef>
</usedAttributes>
</identifier>
</identifiers>
</Entity>