<?xml version = '1.0' encoding = 'UTF-8'?>
<Entity class="oracle.dbtools.crest.model.design.logical.Entity" directorySegmentName="seg_0" id="DB7296F2-6239-84F5-AAEE-54E12BA11E84" name="Version">
<createdBy>lmilbor</createdBy>
<createdTime>2017-04-20 07:24:51 UTC</createdTime>
<ownerDesignName>JOBDD</ownerDesignName>
<engineerTo>
<item key="72533705-F427-5F0F-06DC-521ED4F752A2" value="true"/>
</engineerTo>
<adequatelyNormalized>NO</adequatelyNormalized>
<expectedVolumes>0</expectedVolumes>
<fwdEngineeringStrategyName>Single Table</fwdEngineeringStrategyName>
<growthPercent>0</growthPercent>
<growthType>Year</growthType>
<maxVolumes>9999999</maxVolumes>
<minVolumes>0</minVolumes>
<normalForm>Third</normalForm>
<attributes itemClass="oracle.dbtools.crest.model.design.logical.Attribute">
<Attribute name="IDVersion" id="2B30CE50-A493-3815-70BF-2A94E0A43565">
<createdBy>lmilbor</createdBy>
<createdTime>2017-04-20 07:27:19 UTC</createdTime>
<ownerDesignName>JOBDD</ownerDesignName>
<engineerTo>
<item key="72533705-F427-5F0F-06DC-521ED4F752A2" value="true"/>
</engineerTo>
<use>0</use>
<logicalDatatype>LOGDT037</logicalDatatype>
<domain>2F9F4157-D369-FAC0-12D7-54FAC69A7F30</domain>
<ownDataTypeParameters>,,</ownDataTypeParameters>
</Attribute>
<Attribute name="IDLogiciel" id="3BBD6C8D-4FC5-501B-4550-4848C68EE2FE">
<createdBy>lmilbor</createdBy>
<createdTime>2017-04-20 07:57:55 UTC</createdTime>
<generatorID>F51BB236-634B-25D2-8466-05BAE970A10F</generatorID>
<ownerDesignName>JOBDD</ownerDesignName>
<engineerTo>
<item key="72533705-F427-5F0F-06DC-521ED4F752A2" value="true"/>
</engineerTo>
<referedAttribute>62C659B0-3984-9399-17CD-ABE59F4E8B67</referedAttribute>
<use>0</use>
<logicalDatatype>LOGDT011</logicalDatatype>
<domain>C473CA17-FD47-5170-4376-4822F9175FD8</domain>
<ownDataTypeParameters>,,</ownDataTypeParameters>
</Attribute>
<Attribute name="millesime" id="56BFBC40-DA92-45AE-410D-89FC979D87B0">
<createdBy>lmilbor</createdBy>
<createdTime>2017-04-20 07:58:21 UTC</createdTime>
<ownerDesignName>JOBDD</ownerDesignName>
<engineerTo>
<item key="72533705-F427-5F0F-06DC-521ED4F752A2" value="true"/>
</engineerTo>
<use>0</use>
<logicalDatatype>LOGDT037</logicalDatatype>
<domain>F862BB02-4C0E-98D1-EF4F-D8C340C2F5A8</domain>
<ownDataTypeParameters>,,</ownDataTypeParameters>
</Attribute>
<Attribute name="DateOuverture" id="3154874F-E433-E134-D3E9-922C82D7EB0A">
<createdBy>lmilbor</createdBy>
<createdTime>2017-04-20 07:58:35 UTC</createdTime>
<ownerDesignName>JOBDD</ownerDesignName>
<engineerTo>
<item key="72533705-F427-5F0F-06DC-521ED4F752A2" value="true"/>
</engineerTo>
<useDomainConstraints>false</useDomainConstraints>
<use>1</use>
<logicalDatatype>LOGDT007</logicalDatatype>
<ownDataTypeParameters>,,</ownDataTypeParameters>
</Attribute>
<Attribute name="DateSortie" id="22F51218-0822-8CCA-7E1C-B80471FE12C2">
<createdBy>lmilbor</createdBy>
<createdTime>2017-04-20 07:59:00 UTC</createdTime>
<ownerDesignName>JOBDD</ownerDesignName>
<engineerTo>
<item key="72533705-F427-5F0F-06DC-521ED4F752A2" value="true"/>
</engineerTo>
<nullsAllowed>true</nullsAllowed>
<useDomainConstraints>false</useDomainConstraints>
<use>1</use>
<logicalDatatype>LOGDT007</logicalDatatype>
<ownDataTypeParameters>,,</ownDataTypeParameters>
</Attribute>
<Attribute name="DateSortiePrévue" id="40FA4903-DE1D-F8EB-6426-57AEDAF3586B">
<createdBy>lmilbor</createdBy>
<createdTime>2017-04-20 11:31:37 UTC</createdTime>
<ownerDesignName>JOBDD</ownerDesignName>
<engineerTo>
<item key="72533705-F427-5F0F-06DC-521ED4F752A2" value="true"/>
</engineerTo>
<useDomainConstraints>false</useDomainConstraints>
<use>1</use>
<logicalDatatype>LOGDT007</logicalDatatype>
<ownDataTypeParameters>,,</ownDataTypeParameters>
</Attribute>
</attributes>
<identifiers itemClass="oracle.dbtools.crest.model.design.logical.CandidateKey">
<identifier id="5FA908C6-E14D-3B11-802E-ED0BD713FDAF" name="Versions PK">
<createdBy>lmilbor</createdBy>
<createdTime>2017-04-20 07:27:29 UTC</createdTime>
<ownerDesignName>JOBDD</ownerDesignName>
<shouldEngineer>false</shouldEngineer>
<engineerTo>
<item key="72533705-F427-5F0F-06DC-521ED4F752A2" value="false"/>
</engineerTo>
<pk>true</pk>
<usedAttributes>
<attributeRef>2B30CE50-A493-3815-70BF-2A94E0A43565</attributeRef>
<attributeRef>3BBD6C8D-4FC5-501B-4550-4848C68EE2FE</attributeRef>
</usedAttributes>
</identifier>
</identifiers>
</Entity>