<?xml version = '1.0' encoding = 'UTF-8'?>
<Relation class="oracle.dbtools.crest.model.design.logical.Relation" name="Logiciel_Module" directorySegmentName="seg_0" id="04471EA0-3ACE-3872-7550-C7393A2B2F31">
<createdBy>lmilbor</createdBy>
<createdTime>2017-04-20 07:34:04 UTC</createdTime>
<ownerDesignName>JOBDD</ownerDesignName>
<engineerTo>
<item key="72533705-F427-5F0F-06DC-521ED4F752A2" value="true"/>
</engineerTo>
<sourcePk>72081FD6-2937-06E3-5C0D-EEABF378EE2A</sourcePk>
<identifying>false</identifying>
<optionalSource>true</optionalSource>
<optionalTarget>false</optionalTarget>
<sourceCardinality>1</sourceCardinality>
<sourceEntity>5EA51E73-382C-181A-E05A-3FD1E8F356FE</sourceEntity>
<targetCardinalityString>*</targetCardinalityString>
<targetEntity>55E365A9-3E68-F667-4874-3916DFBC15DB</targetEntity>
<transferable>true</transferable>
<deleteRule>NO ACTION</deleteRule>
</Relation>