<?xml version = '1.0' encoding = 'UTF-8'?>
<Relation class="oracle.dbtools.crest.model.design.logical.Relation" name="Metier_Activite" directorySegmentName="seg_0" id="130D83C2-2E7E-34E9-B67A-74382187B3AE">
<createdBy>lmilbor</createdBy>
<createdTime>2017-04-20 07:36:05 UTC</createdTime>
<ownerDesignName>JOBDD</ownerDesignName>
<engineerTo>
<item key="72533705-F427-5F0F-06DC-521ED4F752A2" value="true"/>
</engineerTo>
<identifying>false</identifying>
<optionalSource>true</optionalSource>
<optionalTarget>true</optionalTarget>
<sourceCardinality>*</sourceCardinality>
<sourceEntity>2298C73D-261A-E1DC-176E-BA46F8964433</sourceEntity>
<targetCardinalityString>*</targetCardinalityString>
<targetEntity>80927431-804B-CE06-E2E7-4C944D910431</targetEntity>
<transferable>true</transferable>
<deleteRule>NO ACTION</deleteRule>
</Relation>