<?xml version = '1.0' encoding = 'UTF-8'?>
<Relation class="oracle.dbtools.crest.model.design.logical.Relation" name="Filiere_Equipe" directorySegmentName="seg_0" id="2EEBA01B-6B0C-295E-5604-A070FAB69520">
<createdBy>lmilbor</createdBy>
<createdTime>2017-04-20 07:35:09 UTC</createdTime>
<ownerDesignName>JOBDD</ownerDesignName>
<engineerTo>
<item key="72533705-F427-5F0F-06DC-521ED4F752A2" value="true"/>
</engineerTo>
<sourcePk>8B813785-3083-44A8-B657-D483405FD58C</sourcePk>
<identifying>false</identifying>
<optionalSource>true</optionalSource>
<optionalTarget>false</optionalTarget>
<sourceCardinality>1</sourceCardinality>
<sourceEntity>84E63F35-3871-2EA2-2C42-46D81C94EC44</sourceEntity>
<targetCardinalityString>*</targetCardinalityString>
<targetEntity>7B21B3E3-9E5F-C2E7-2E05-49343803B300</targetEntity>
<transferable>true</transferable>
<deleteRule>NO ACTION</deleteRule>
</Relation>