<?xml version = '1.0' encoding = 'UTF-8'?>
<Relation class="oracle.dbtools.crest.model.design.logical.Relation" name="Metier_Personne" directorySegmentName="seg_0" id="38B8DC56-479F-1CB4-350D-C5A1A5B222A8">
<createdBy>lmilbor</createdBy>
<createdTime>2017-04-20 07:35:51 UTC</createdTime>
<ownerDesignName>JOBDD</ownerDesignName>
<engineerTo>
<item key="72533705-F427-5F0F-06DC-521ED4F752A2" value="true"/>
</engineerTo>
<sourcePk>43124D1A-BB92-964D-75EE-61D9C9C2F40F</sourcePk>
<identifying>false</identifying>
<optionalSource>true</optionalSource>
<optionalTarget>false</optionalTarget>
<sourceCardinality>1</sourceCardinality>
<sourceEntity>2298C73D-261A-E1DC-176E-BA46F8964433</sourceEntity>
<targetCardinalityString>*</targetCardinalityString>
<targetEntity>7795127C-9D9E-80EB-FFBA-D58E3461EE0F</targetEntity>
<transferable>true</transferable>
<deleteRule>NO ACTION</deleteRule>
</Relation>