<?xml version = '1.0' encoding = 'UTF-8'?>
<Relation class="oracle.dbtools.crest.model.design.logical.Relation" name="Version_Tache" directorySegmentName="seg_0" id="54DE4992-1E5D-D87E-17A9-273B32477C02">
<createdBy>lmilbor</createdBy>
<createdTime>2017-04-20 07:44:19 UTC</createdTime>
<ownerDesignName>JOBDD</ownerDesignName>
<engineerTo>
<item key="72533705-F427-5F0F-06DC-521ED4F752A2" value="true"/>
</engineerTo>
<sourcePk>5FA908C6-E14D-3B11-802E-ED0BD713FDAF</sourcePk>
<identifying>false</identifying>
<optionalSource>true</optionalSource>
<optionalTarget>false</optionalTarget>
<sourceCardinality>1</sourceCardinality>
<sourceEntity>DB7296F2-6239-84F5-AAEE-54E12BA11E84</sourceEntity>
<targetCardinalityString>*</targetCardinalityString>
<targetEntity>68A574CC-1608-F667-7F89-937DB1677A4E</targetEntity>
<transferable>true</transferable>
<deleteRule>NO ACTION</deleteRule>
</Relation>