<?xml version = '1.0' encoding = 'UTF-8'?>
<Relation class="oracle.dbtools.crest.model.design.logical.Relation" name="Personne_Tache" directorySegmentName="seg_0" id="6E499666-4A2C-9185-2F31-E5A5CEE5114A">
<createdBy>lmilbor</createdBy>
<createdTime>2017-04-20 07:42:23 UTC</createdTime>
<ownerDesignName>JOBDD</ownerDesignName>
<engineerTo>
<item key="72533705-F427-5F0F-06DC-521ED4F752A2" value="true"/>
</engineerTo>
<sourcePk>46A18A2B-D1D0-3FF0-FE6D-62C4B560FDEC</sourcePk>
<identifying>false</identifying>
<optionalSource>true</optionalSource>
<optionalTarget>false</optionalTarget>
<sourceCardinality>1</sourceCardinality>
<sourceEntity>7795127C-9D9E-80EB-FFBA-D58E3461EE0F</sourceEntity>
<targetCardinalityString>*</targetCardinalityString>
<targetEntity>A603A937-6043-0F86-9116-C546E6FD0CB3</targetEntity>
<transferable>true</transferable>
<deleteRule>NO ACTION</deleteRule>
</Relation>