<?xml version = '1.0' encoding = 'UTF-8'?>
<Relation class="oracle.dbtools.crest.model.design.logical.Relation" name="Manager_Personne" directorySegmentName="seg_0" id="72AF9B38-FE89-5CCF-CD0D-A5EFC0776CCD">
<createdBy>lmilbor</createdBy>
<createdTime>2017-04-20 07:37:08 UTC</createdTime>
<ownerDesignName>JOBDD</ownerDesignName>
<engineerTo>
<item key="72533705-F427-5F0F-06DC-521ED4F752A2" value="true"/>
</engineerTo>
<targetPk>46A18A2B-D1D0-3FF0-FE6D-62C4B560FDEC</targetPk>
<identifying>false</identifying>
<optionalSource>true</optionalSource>
<optionalTarget>true</optionalTarget>
<sourceCardinality>1</sourceCardinality>
<sourceEntity>7795127C-9D9E-80EB-FFBA-D58E3461EE0F</sourceEntity>
<targetCardinalityString>*</targetCardinalityString>
<targetEntity>7795127C-9D9E-80EB-FFBA-D58E3461EE0F</targetEntity>
<transferable>true</transferable>
<deleteRule>NO ACTION</deleteRule>
</Relation>