<?xml version = '1.0' encoding = 'UTF-8'?>
<Relation class="oracle.dbtools.crest.model.design.logical.Relation" name="Service_Equipe" directorySegmentName="seg_0" id="7F32B68B-545E-2E7B-2200-2A327A992D85">
<createdBy>lmilbor</createdBy>
<createdTime>2017-04-20 08:02:46 UTC</createdTime>
<ownerDesignName>JOBDD</ownerDesignName>
<engineerTo>
<item key="72533705-F427-5F0F-06DC-521ED4F752A2" value="true"/>
</engineerTo>
<sourcePk>8EB9B46F-6D77-2D40-EC62-B413CB30369C</sourcePk>
<identifying>false</identifying>
<optionalSource>true</optionalSource>
<optionalTarget>false</optionalTarget>
<sourceCardinality>1</sourceCardinality>
<sourceEntity>40A16B43-D996-786C-2059-AF7A41A45E2D</sourceEntity>
<targetCardinalityString>*</targetCardinalityString>
<targetEntity>7B21B3E3-9E5F-C2E7-2E05-49343803B300</targetEntity>
<transferable>true</transferable>
<deleteRule>NO ACTION</deleteRule>
</Relation>