<?xml version = '1.0' encoding = 'UTF-8'?>
<Relation class="oracle.dbtools.crest.model.design.logical.Relation" name="Module_TacheProduction" directorySegmentName="seg_0" id="8F586197-AFDC-8958-CABA-A2028BD0C814">
<createdBy>lmilbor</createdBy>
<createdTime>2017-04-20 07:44:31 UTC</createdTime>
<ownerDesignName>JOBDD</ownerDesignName>
<engineerTo>
<item key="72533705-F427-5F0F-06DC-521ED4F752A2" value="true"/>
</engineerTo>
<sourcePk>BF669AFB-2571-8769-F56B-5F27B5FBD5E5</sourcePk>
<identifying>false</identifying>
<optionalSource>true</optionalSource>
<optionalTarget>false</optionalTarget>
<sourceCardinality>1</sourceCardinality>
<sourceEntity>55E365A9-3E68-F667-4874-3916DFBC15DB</sourceEntity>
<targetCardinalityString>*</targetCardinalityString>
<targetEntity>68A574CC-1608-F667-7F89-937DB1677A4E</targetEntity>
<transferable>true</transferable>
<deleteRule>NO ACTION</deleteRule>
</Relation>