<?xml version = '1.0' encoding = 'UTF-8'?>
<Relation class="oracle.dbtools.crest.model.design.logical.Relation" name="Equipe_Personne" directorySegmentName="seg_0" id="A8EAEAD7-5C4D-25B1-034F-2339765D757D">
<createdBy>lmilbor</createdBy>
<createdTime>2017-04-20 07:35:34 UTC</createdTime>
<ownerDesignName>JOBDD</ownerDesignName>
<engineerTo>
<item key="72533705-F427-5F0F-06DC-521ED4F752A2" value="true"/>
</engineerTo>
<sourcePk>7F887B4D-9915-0039-6433-2B6C07C951A7</sourcePk>
<identifying>false</identifying>
<optionalSource>true</optionalSource>
<optionalTarget>false</optionalTarget>
<sourceCardinality>1</sourceCardinality>
<sourceEntity>7B21B3E3-9E5F-C2E7-2E05-49343803B300</sourceEntity>
<targetCardinalityString>*</targetCardinalityString>
<targetEntity>7795127C-9D9E-80EB-FFBA-D58E3461EE0F</targetEntity>
<transferable>true</transferable>
<deleteRule>NO ACTION</deleteRule>
</Relation>