<?xml version = '1.0' encoding = 'UTF-8'?>
<Relation class="oracle.dbtools.crest.model.design.logical.Relation" name="Module_SousModule" directorySegmentName="seg_0" id="D7DD4652-7676-0682-0AE1-02496360C873">
<createdBy>lmilbor</createdBy>
<createdTime>2017-04-20 07:34:36 UTC</createdTime>
<ownerDesignName>JOBDD</ownerDesignName>
<engineerTo>
<item key="72533705-F427-5F0F-06DC-521ED4F752A2" value="true"/>
</engineerTo>
<targetPk>BF669AFB-2571-8769-F56B-5F27B5FBD5E5</targetPk>
<identifying>false</identifying>
<optionalSource>true</optionalSource>
<optionalTarget>true</optionalTarget>
<sourceCardinality>1</sourceCardinality>
<sourceEntity>55E365A9-3E68-F667-4874-3916DFBC15DB</sourceEntity>
<targetCardinalityString>*</targetCardinalityString>
<targetEntity>55E365A9-3E68-F667-4874-3916DFBC15DB</targetEntity>
<transferable>true</transferable>
<deleteRule>NO ACTION</deleteRule>
</Relation>