<?xml version = '1.0' encoding = 'UTF-8'?>
<Relation class="oracle.dbtools.crest.model.design.logical.Relation" name="Tache_TempsTache" directorySegmentName="seg_0" id="E0696467-2639-3A24-97C2-7906A1E68C65">
<createdBy>lmilbor</createdBy>
<createdTime>2017-04-20 07:55:55 UTC</createdTime>
<ownerDesignName>JOBDD</ownerDesignName>
<engineerTo>
<item key="72533705-F427-5F0F-06DC-521ED4F752A2" value="true"/>
</engineerTo>
<sourcePk>805AD4B9-B9CE-E59E-16E3-80FB7FC99A67</sourcePk>
<identifying>true</identifying>
<optionalSource>true</optionalSource>
<optionalTarget>false</optionalTarget>
<sourceCardinality>1</sourceCardinality>
<sourceEntity>A603A937-6043-0F86-9116-C546E6FD0CB3</sourceEntity>
<targetCardinalityString>*</targetCardinalityString>
<targetEntity>88151948-10C7-ECB9-1B8F-E4D776525CA2</targetEntity>
<transferable>true</transferable>
<deleteRule>NO ACTION</deleteRule>
</Relation>