<?xml version = '1.0' encoding = 'UTF-8'?>
<Relation class="oracle.dbtools.crest.model.design.logical.Relation" name="Activite_Tache" directorySegmentName="seg_0" id="EE647B6F-BE3F-AF9F-2BBB-139C679FD120">
<createdBy>lmilbor</createdBy>
<createdTime>2017-04-20 07:45:17 UTC</createdTime>
<ownerDesignName>JOBDD</ownerDesignName>
<engineerTo>
<item key="72533705-F427-5F0F-06DC-521ED4F752A2" value="true"/>
</engineerTo>
<sourcePk>29C9A3F9-7657-0529-A7EF-9E5E0483A281</sourcePk>
<identifying>false</identifying>
<optionalSource>true</optionalSource>
<optionalTarget>false</optionalTarget>
<sourceCardinality>1</sourceCardinality>
<sourceEntity>80927431-804B-CE06-E2E7-4C944D910431</sourceEntity>
<targetCardinalityString>*</targetCardinalityString>
<targetEntity>68A574CC-1608-F667-7F89-937DB1677A4E</targetEntity>
<transferable>true</transferable>
<deleteRule>NO ACTION</deleteRule>
</Relation>