<?xml version = '1.0' encoding = 'UTF-8'?>
<Relation class="oracle.dbtools.crest.model.design.logical.Relation" name="Logiciel_Version" directorySegmentName="seg_0" id="F51BB236-634B-25D2-8466-05BAE970A10F">
<createdBy>lmilbor</createdBy>
<createdTime>2017-04-20 07:57:55 UTC</createdTime>
<ownerDesignName>JOBDD</ownerDesignName>
<engineerTo>
<item key="72533705-F427-5F0F-06DC-521ED4F752A2" value="true"/>
</engineerTo>
<sourcePk>72081FD6-2937-06E3-5C0D-EEABF378EE2A</sourcePk>
<identifying>true</identifying>
<optionalSource>true</optionalSource>
<optionalTarget>false</optionalTarget>
<sourceCardinality>1</sourceCardinality>
<sourceEntity>5EA51E73-382C-181A-E05A-3FD1E8F356FE</sourceEntity>
<targetCardinalityString>*</targetCardinalityString>
<targetEntity>DB7296F2-6239-84F5-AAEE-54E12BA11E84</targetEntity>
<transferable>true</transferable>
<deleteRule>NO ACTION</deleteRule>
</Relation>