<?xml version = '1.0' encoding = 'UTF-8'?>
<Relation class="oracle.dbtools.crest.model.design.logical.Relation" name="Version_Release" directorySegmentName="seg_0" id="F55A0985-31E1-DFDF-5DAB-AE89DE4EB416">
<createdBy>lmilbor</createdBy>
<createdTime>2017-04-20 08:01:17 UTC</createdTime>
<ownerDesignName>JOBDD</ownerDesignName>
<engineerTo>
<item key="72533705-F427-5F0F-06DC-521ED4F752A2" value="true"/>
</engineerTo>
<sourcePk>5FA908C6-E14D-3B11-802E-ED0BD713FDAF</sourcePk>
<identifying>true</identifying>
<optionalSource>true</optionalSource>
<optionalTarget>false</optionalTarget>
<sourceCardinality>1</sourceCardinality>
<sourceEntity>DB7296F2-6239-84F5-AAEE-54E12BA11E84</sourceEntity>
<targetCardinalityString>*</targetCardinalityString>
<targetEntity>03A5A116-3D65-F48B-52E4-10FA0EC0069F</targetEntity>
<transferable>true</transferable>
<deleteRule>NO ACTION</deleteRule>
</Relation>