<?xml version = '1.0' encoding = 'UTF-8'?>
<FKIndexAssociation class="oracle.dbtools.crest.model.design.relational.FKIndexAssociation" directorySegmentName="seg_0" id="2330F6B7-6D22-4759-27AC-BFE7DD6153F1" containerWithKeyObject="D10880FD-A533-2537-1F8B-761B7E4537A6" localFKIndex="57CF94C9-778D-4CB7-BBF7-C5D93DB2D2F6" name="Module_Module_FK">
<createdBy>lmilbor</createdBy>
<createdTime>2017-04-20 09:19:13 UTC</createdTime>
<generatorID>D7DD4652-7676-0682-0AE1-02496360C873</generatorID>
<ownerDesignName>JOBDD</ownerDesignName>
<deleteRule>NO ACTION</deleteRule>
<referredTableID>D10880FD-A533-2537-1F8B-761B7E4537A6</referredTableID>
<keyObject>01234CAC-9A1F-20FE-E300-C71E8BFB1AF1</keyObject>
<referredKeyID>01234CAC-9A1F-20FE-E300-C71E8BFB1AF1</referredKeyID>
<mandatory>false</mandatory>
<transferable>true</transferable>
<rely>false</rely>
<columnDependencyConstraintGenerateInDDL>true</columnDependencyConstraintGenerateInDDL>
</FKIndexAssociation>