<?xml version = '1.0' encoding = 'UTF-8'?>
<FKIndexAssociation class="oracle.dbtools.crest.model.design.relational.FKIndexAssociation" directorySegmentName="seg_0" id="42019344-91E8-9F0A-5E9D-0D40395FCAA4" containerWithKeyObject="83A38E52-35BC-9122-0665-ACDFC95873C8" localFKIndex="D571FF38-9ED0-06C9-F6CA-CACB97EDFF24" name="TacheProduction_Tache_FK">
<createdBy>lmilbor</createdBy>
<createdTime>2017-04-20 09:19:13 UTC</createdTime>
<generatorID>81980348-D229-085C-989C-94D234CA0DA3</generatorID>
<ownerDesignName>JOBDD</ownerDesignName>
<deleteRule>NO ACTION</deleteRule>
<referredTableID>95BA2B9C-90C7-B460-272C-48712B6002FA</referredTableID>
<keyObject>D027917A-5314-0837-A697-320E80D94E90</keyObject>
<referredKeyID>D027917A-5314-0837-A697-320E80D94E90</referredKeyID>
<mandatory>true</mandatory>
<transferable>true</transferable>
<rely>false</rely>
<columnDependencyConstraintGenerateInDDL>true</columnDependencyConstraintGenerateInDDL>
</FKIndexAssociation>