<?xml version = '1.0' encoding = 'UTF-8'?>
<FKIndexAssociation class="oracle.dbtools.crest.model.design.relational.FKIndexAssociation" directorySegmentName="seg_0" id="49FFF862-C39A-2C24-3415-E70AC52493E5" containerWithKeyObject="D0B44AB6-CC2E-55AA-D1AA-696A551DC7A8" localFKIndex="220D7102-D209-AE88-40D4-139DBE40A05E" name="Personne_Metier_FK">
<createdBy>lmilbor</createdBy>
<createdTime>2017-04-20 09:19:13 UTC</createdTime>
<generatorID>38B8DC56-479F-1CB4-350D-C5A1A5B222A8</generatorID>
<ownerDesignName>JOBDD</ownerDesignName>
<deleteRule>NO ACTION</deleteRule>
<referredTableID>13C5B060-4FE1-700C-AD65-A966EB8376E7</referredTableID>
<keyObject>9A3B0E64-CF72-CBDB-F02A-D188AF696AD5</keyObject>
<referredKeyID>9A3B0E64-CF72-CBDB-F02A-D188AF696AD5</referredKeyID>
<mandatory>true</mandatory>
<transferable>true</transferable>
<rely>false</rely>
<columnDependencyConstraintGenerateInDDL>true</columnDependencyConstraintGenerateInDDL>
</FKIndexAssociation>