<?xml version = '1.0' encoding = 'UTF-8'?>
<FKIndexAssociation class="oracle.dbtools.crest.model.design.relational.FKIndexAssociation" directorySegmentName="seg_0" id="4CA5CE06-43F8-5B79-96B1-D85BC1ABBA60" containerWithKeyObject="83A38E52-35BC-9122-0665-ACDFC95873C8" localFKIndex="2BFDA036-03FD-2E96-D6DF-DFA711DBFD4B" name="TacheProduction_Version_FK">
<createdBy>lmilbor</createdBy>
<createdTime>2017-04-20 09:19:13 UTC</createdTime>
<generatorID>54DE4992-1E5D-D87E-17A9-273B32477C02</generatorID>
<ownerDesignName>JOBDD</ownerDesignName>
<deleteRule>NO ACTION</deleteRule>
<referredTableID>AB241296-2356-7E55-E9F3-C2770F892094</referredTableID>
<keyObject>D67F5252-42E9-E350-8536-3A5887DBF512</keyObject>
<referredKeyID>D67F5252-42E9-E350-8536-3A5887DBF512</referredKeyID>
<mandatory>true</mandatory>
<transferable>true</transferable>
<rely>false</rely>
<columnDependencyConstraintGenerateInDDL>true</columnDependencyConstraintGenerateInDDL>
</FKIndexAssociation>