<?xml version = '1.0' encoding = 'UTF-8'?>
<FKIndexAssociation class="oracle.dbtools.crest.model.design.relational.FKIndexAssociation" directorySegmentName="seg_0" id="58C3C643-D3F9-8518-DA1F-5EAE7017987D" containerWithKeyObject="83A38E52-35BC-9122-0665-ACDFC95873C8" localFKIndex="9A68ABF5-CEBB-9838-67CC-8816C7176ECD" name="TacheProduction_Module_FK">
<createdBy>lmilbor</createdBy>
<createdTime>2017-04-20 09:19:13 UTC</createdTime>
<generatorID>8F586197-AFDC-8958-CABA-A2028BD0C814</generatorID>
<ownerDesignName>JOBDD</ownerDesignName>
<deleteRule>NO ACTION</deleteRule>
<referredTableID>D10880FD-A533-2537-1F8B-761B7E4537A6</referredTableID>
<keyObject>01234CAC-9A1F-20FE-E300-C71E8BFB1AF1</keyObject>
<referredKeyID>01234CAC-9A1F-20FE-E300-C71E8BFB1AF1</referredKeyID>
<mandatory>true</mandatory>
<transferable>true</transferable>
<rely>false</rely>
<columnDependencyConstraintGenerateInDDL>true</columnDependencyConstraintGenerateInDDL>
</FKIndexAssociation>