<?xml version = '1.0' encoding = 'UTF-8'?>
<FKIndexAssociation class="oracle.dbtools.crest.model.design.relational.FKIndexAssociation" directorySegmentName="seg_0" id="5C91948F-D07E-BAE3-56FD-E7CD51EA2B1F" containerWithKeyObject="73614B6F-1136-FF6C-8BFE-5EB4FC0C670D" localFKIndex="F1C97ACD-4F40-23D7-F6C2-802E3BA0DEAB" name="FK_ASS_29">
<createdBy>lmilbor</createdBy>
<createdTime>2017-04-20 09:19:13 UTC</createdTime>
<generatorID>130D83C2-2E7E-34E9-B67A-74382187B3AE</generatorID>
<ownerDesignName>JOBDD</ownerDesignName>
<deleteRule>NO ACTION</deleteRule>
<referredTableID>6B2EE490-C5B4-104D-1407-EF202D559919</referredTableID>
<keyObject>5CE05C5A-B109-34DF-0BFD-F59DC76BA92F</keyObject>
<referredKeyID>5CE05C5A-B109-34DF-0BFD-F59DC76BA92F</referredKeyID>
<mandatory>true</mandatory>
<transferable>true</transferable>
<rely>false</rely>
<columnDependencyConstraintGenerateInDDL>true</columnDependencyConstraintGenerateInDDL>
</FKIndexAssociation>