<?xml version = '1.0' encoding = 'UTF-8'?>
<FKIndexAssociation class="oracle.dbtools.crest.model.design.relational.FKIndexAssociation" directorySegmentName="seg_0" id="6127B7F6-8BB3-C598-0941-ECAE8CC60C7C" containerWithKeyObject="D6D8BB34-05B7-A077-F75E-BE43BDA853E2" localFKIndex="226EA3E1-2629-2D84-A55D-9107B4A5225A" name="Logiciel_Filiere_FK">
<createdBy>lmilbor</createdBy>
<createdTime>2017-04-20 09:19:13 UTC</createdTime>
<generatorID>4AE1BB61-4270-BF9A-FAD7-C2039F650092</generatorID>
<ownerDesignName>JOBDD</ownerDesignName>
<deleteRule>NO ACTION</deleteRule>
<referredTableID>D85E0059-8297-9465-2701-2FE523D472F5</referredTableID>
<keyObject>46F0BD53-F6C6-2C06-9AE1-650568672B1D</keyObject>
<referredKeyID>46F0BD53-F6C6-2C06-9AE1-650568672B1D</referredKeyID>
<mandatory>true</mandatory>
<transferable>true</transferable>
<rely>false</rely>
<columnDependencyConstraintGenerateInDDL>true</columnDependencyConstraintGenerateInDDL>
</FKIndexAssociation>