<?xml version = '1.0' encoding = 'UTF-8'?>
<FKIndexAssociation class="oracle.dbtools.crest.model.design.relational.FKIndexAssociation" directorySegmentName="seg_0" id="80FE29C4-413B-7853-B4A5-A261723263DC" containerWithKeyObject="A6EEEE47-14CC-D552-3B19-797B3D22FF72" localFKIndex="BE1BE2D6-FDE5-D156-1C0F-1657D3C5357F" name="TempsTache_Tache_FK">
<createdBy>lmilbor</createdBy>
<createdTime>2017-04-20 09:19:13 UTC</createdTime>
<generatorID>E0696467-2639-3A24-97C2-7906A1E68C65</generatorID>
<ownerDesignName>JOBDD</ownerDesignName>
<deleteRule>NO ACTION</deleteRule>
<referredTableID>95BA2B9C-90C7-B460-272C-48712B6002FA</referredTableID>
<keyObject>D027917A-5314-0837-A697-320E80D94E90</keyObject>
<referredKeyID>D027917A-5314-0837-A697-320E80D94E90</referredKeyID>
<mandatory>true</mandatory>
<transferable>true</transferable>
<rely>false</rely>
<columnDependencyConstraintGenerateInDDL>true</columnDependencyConstraintGenerateInDDL>
</FKIndexAssociation>