<?xml version = '1.0' encoding = 'UTF-8'?>
<FKIndexAssociation class="oracle.dbtools.crest.model.design.relational.FKIndexAssociation" directorySegmentName="seg_0" id="81FBE412-E478-487E-FE2F-4A77C2363CB3" containerWithKeyObject="73614B6F-1136-FF6C-8BFE-5EB4FC0C670D" localFKIndex="F24F89B4-F8D6-E4BA-1422-0C297EDC3432" name="FK_ASS_28">
<createdBy>lmilbor</createdBy>
<createdTime>2017-04-20 09:19:13 UTC</createdTime>
<generatorID>130D83C2-2E7E-34E9-B67A-74382187B3AE</generatorID>
<ownerDesignName>JOBDD</ownerDesignName>
<deleteRule>NO ACTION</deleteRule>
<referredTableID>13C5B060-4FE1-700C-AD65-A966EB8376E7</referredTableID>
<keyObject>9A3B0E64-CF72-CBDB-F02A-D188AF696AD5</keyObject>
<referredKeyID>9A3B0E64-CF72-CBDB-F02A-D188AF696AD5</referredKeyID>
<mandatory>true</mandatory>
<transferable>true</transferable>
<rely>false</rely>
<columnDependencyConstraintGenerateInDDL>true</columnDependencyConstraintGenerateInDDL>
</FKIndexAssociation>