<?xml version = '1.0' encoding = 'UTF-8'?>
<FKIndexAssociation class="oracle.dbtools.crest.model.design.relational.FKIndexAssociation" directorySegmentName="seg_0" id="87B303EA-263E-AF07-DB09-330B0587EFCF" containerWithKeyObject="0D87A51B-0F8D-0CD6-511D-616E146E681B" localFKIndex="38561A9D-E4D4-9094-9715-AB545A5105F6" name="Equipe_Filiere_FK">
<createdBy>lmilbor</createdBy>
<createdTime>2017-04-20 09:19:13 UTC</createdTime>
<generatorID>2EEBA01B-6B0C-295E-5604-A070FAB69520</generatorID>
<ownerDesignName>JOBDD</ownerDesignName>
<deleteRule>NO ACTION</deleteRule>
<referredTableID>D85E0059-8297-9465-2701-2FE523D472F5</referredTableID>
<keyObject>46F0BD53-F6C6-2C06-9AE1-650568672B1D</keyObject>
<referredKeyID>46F0BD53-F6C6-2C06-9AE1-650568672B1D</referredKeyID>
<mandatory>true</mandatory>
<transferable>true</transferable>
<rely>false</rely>
<columnDependencyConstraintGenerateInDDL>true</columnDependencyConstraintGenerateInDDL>
</FKIndexAssociation>