<?xml version = '1.0' encoding = 'UTF-8'?>
<FKIndexAssociation class="oracle.dbtools.crest.model.design.relational.FKIndexAssociation" directorySegmentName="seg_0" id="8BE0C64F-288F-E859-FF05-601E889EDA1C" containerWithKeyObject="D10880FD-A533-2537-1F8B-761B7E4537A6" localFKIndex="D561EF96-54A8-983F-F259-20E2DDC081D9" name="Module_Logiciel_FK">
<createdBy>lmilbor</createdBy>
<createdTime>2017-04-20 09:19:13 UTC</createdTime>
<generatorID>04471EA0-3ACE-3872-7550-C7393A2B2F31</generatorID>
<ownerDesignName>JOBDD</ownerDesignName>
<deleteRule>NO ACTION</deleteRule>
<referredTableID>D6D8BB34-05B7-A077-F75E-BE43BDA853E2</referredTableID>
<keyObject>A0BF8FFF-8B99-EC59-8881-AA3A0C78C5C4</keyObject>
<referredKeyID>A0BF8FFF-8B99-EC59-8881-AA3A0C78C5C4</referredKeyID>
<mandatory>true</mandatory>
<transferable>true</transferable>
<rely>false</rely>
<columnDependencyConstraintGenerateInDDL>true</columnDependencyConstraintGenerateInDDL>
</FKIndexAssociation>