<?xml version = '1.0' encoding = 'UTF-8'?>
<FKIndexAssociation class="oracle.dbtools.crest.model.design.relational.FKIndexAssociation" directorySegmentName="seg_0" id="986470DB-93E5-3BD1-5E80-65883FB3197C" containerWithKeyObject="0D87A51B-0F8D-0CD6-511D-616E146E681B" localFKIndex="6A76632A-77D7-7872-D792-3051C65BD80E" name="Equipe_Service_FK">
<createdBy>lmilbor</createdBy>
<createdTime>2017-04-20 09:19:13 UTC</createdTime>
<generatorID>7F32B68B-545E-2E7B-2200-2A327A992D85</generatorID>
<ownerDesignName>JOBDD</ownerDesignName>
<deleteRule>NO ACTION</deleteRule>
<referredTableID>207CD07F-A9DA-C536-9842-ECF6B5B07FDD</referredTableID>
<keyObject>2544F264-2FA2-D6AD-0195-C942634ADA37</keyObject>
<referredKeyID>2544F264-2FA2-D6AD-0195-C942634ADA37</referredKeyID>
<mandatory>true</mandatory>
<transferable>true</transferable>
<rely>false</rely>
<columnDependencyConstraintGenerateInDDL>true</columnDependencyConstraintGenerateInDDL>
</FKIndexAssociation>