<?xml version = '1.0' encoding = 'UTF-8'?>
<FKIndexAssociation class="oracle.dbtools.crest.model.design.relational.FKIndexAssociation" directorySegmentName="seg_0" id="A1635F41-C40F-E704-59C9-46A638761387" containerWithKeyObject="95BA2B9C-90C7-B460-272C-48712B6002FA" localFKIndex="4E3991F9-331A-EABC-3B85-1FBD1EFC3188" name="Tache_Personne_FK">
<createdBy>lmilbor</createdBy>
<createdTime>2017-04-20 09:19:13 UTC</createdTime>
<generatorID>6E499666-4A2C-9185-2F31-E5A5CEE5114A</generatorID>
<ownerDesignName>JOBDD</ownerDesignName>
<deleteRule>NO ACTION</deleteRule>
<referredTableID>D0B44AB6-CC2E-55AA-D1AA-696A551DC7A8</referredTableID>
<keyObject>844E902A-BC02-71AF-A3EA-017484500736</keyObject>
<referredKeyID>844E902A-BC02-71AF-A3EA-017484500736</referredKeyID>
<mandatory>true</mandatory>
<transferable>true</transferable>
<rely>false</rely>
<columnDependencyConstraintGenerateInDDL>true</columnDependencyConstraintGenerateInDDL>
</FKIndexAssociation>