<?xml version = '1.0' encoding = 'UTF-8'?>
<FKIndexAssociation class="oracle.dbtools.crest.model.design.relational.FKIndexAssociation" directorySegmentName="seg_0" id="CC0A267A-5CD8-E11D-8647-87FC6FE2C29C" containerWithKeyObject="83A38E52-35BC-9122-0665-ACDFC95873C8" localFKIndex="7F71FA33-9FB2-0247-5488-61B7625F4693" name="TacheProduction_Activite_FK">
<createdBy>lmilbor</createdBy>
<createdTime>2017-04-20 09:19:13 UTC</createdTime>
<generatorID>EE647B6F-BE3F-AF9F-2BBB-139C679FD120</generatorID>
<ownerDesignName>JOBDD</ownerDesignName>
<deleteRule>NO ACTION</deleteRule>
<referredTableID>6B2EE490-C5B4-104D-1407-EF202D559919</referredTableID>
<keyObject>5CE05C5A-B109-34DF-0BFD-F59DC76BA92F</keyObject>
<referredKeyID>5CE05C5A-B109-34DF-0BFD-F59DC76BA92F</referredKeyID>
<mandatory>true</mandatory>
<transferable>true</transferable>
<rely>false</rely>
<columnDependencyConstraintGenerateInDDL>true</columnDependencyConstraintGenerateInDDL>
</FKIndexAssociation>