<?xml version = '1.0' encoding = 'UTF-8'?>
<FKIndexAssociation class="oracle.dbtools.crest.model.design.relational.FKIndexAssociation" directorySegmentName="seg_0" id="D5B3900B-6D01-F57E-4C77-716E9C502DC1" containerWithKeyObject="D0B44AB6-CC2E-55AA-D1AA-696A551DC7A8" localFKIndex="CBDE9CD7-6476-0A80-697A-7DEF36B6E782" name="Personne_Equipe_FK">
<createdBy>lmilbor</createdBy>
<createdTime>2017-04-20 09:19:13 UTC</createdTime>
<generatorID>A8EAEAD7-5C4D-25B1-034F-2339765D757D</generatorID>
<ownerDesignName>JOBDD</ownerDesignName>
<deleteRule>NO ACTION</deleteRule>
<referredTableID>0D87A51B-0F8D-0CD6-511D-616E146E681B</referredTableID>
<keyObject>96910A5E-09F4-DF8C-95D2-D4244023BB84</keyObject>
<referredKeyID>96910A5E-09F4-DF8C-95D2-D4244023BB84</referredKeyID>
<mandatory>true</mandatory>
<transferable>true</transferable>
<rely>false</rely>
<columnDependencyConstraintGenerateInDDL>true</columnDependencyConstraintGenerateInDDL>
</FKIndexAssociation>