<?xml version = '1.0' encoding = 'UTF-8'?>
<FKIndexAssociation class="oracle.dbtools.crest.model.design.relational.FKIndexAssociation" directorySegmentName="seg_0" id="D9BD47E9-B50E-ED45-5771-70206E45BBEC" containerWithKeyObject="D0B44AB6-CC2E-55AA-D1AA-696A551DC7A8" localFKIndex="02983A0A-5A80-5C2C-2B5D-67EDC54FB5DE" name="Personne_Personne_FK">
<createdBy>lmilbor</createdBy>
<createdTime>2017-04-20 09:19:13 UTC</createdTime>
<generatorID>72AF9B38-FE89-5CCF-CD0D-A5EFC0776CCD</generatorID>
<ownerDesignName>JOBDD</ownerDesignName>
<deleteRule>NO ACTION</deleteRule>
<referredTableID>D0B44AB6-CC2E-55AA-D1AA-696A551DC7A8</referredTableID>
<keyObject>844E902A-BC02-71AF-A3EA-017484500736</keyObject>
<referredKeyID>844E902A-BC02-71AF-A3EA-017484500736</referredKeyID>
<mandatory>false</mandatory>
<transferable>true</transferable>
<rely>false</rely>
<columnDependencyConstraintGenerateInDDL>true</columnDependencyConstraintGenerateInDDL>
</FKIndexAssociation>