<?xml version = '1.0' encoding = 'UTF-8'?>
<FKIndexAssociation class="oracle.dbtools.crest.model.design.relational.FKIndexAssociation" directorySegmentName="seg_0" id="E10C970A-4043-8175-9DE4-41E6F85EDC98" containerWithKeyObject="AB241296-2356-7E55-E9F3-C2770F892094" localFKIndex="3FB2B5A2-F0D6-F533-2144-224C7C091991" name="Version_Logiciel_FK">
<createdBy>lmilbor</createdBy>
<createdTime>2017-04-20 09:19:13 UTC</createdTime>
<generatorID>F51BB236-634B-25D2-8466-05BAE970A10F</generatorID>
<ownerDesignName>JOBDD</ownerDesignName>
<deleteRule>NO ACTION</deleteRule>
<referredTableID>D6D8BB34-05B7-A077-F75E-BE43BDA853E2</referredTableID>
<keyObject>A0BF8FFF-8B99-EC59-8881-AA3A0C78C5C4</keyObject>
<referredKeyID>A0BF8FFF-8B99-EC59-8881-AA3A0C78C5C4</referredKeyID>
<mandatory>true</mandatory>
<transferable>true</transferable>
<rely>false</rely>
<columnDependencyConstraintGenerateInDDL>true</columnDependencyConstraintGenerateInDDL>
</FKIndexAssociation>