<?xml version = '1.0' encoding = 'UTF-8'?>
<FKIndexAssociation class="oracle.dbtools.crest.model.design.relational.FKIndexAssociation" directorySegmentName="seg_0" id="FB0DD6C6-5E23-6F0A-2F63-30E3DB6A5DF1" containerWithKeyObject="4277DD1A-B5B2-0849-EB1E-A194E2C73187" localFKIndex="01524C37-0E8E-B069-5520-18A35E20C83A" name="Release_Version_FK">
<createdBy>lmilbor</createdBy>
<createdTime>2017-04-20 09:19:13 UTC</createdTime>
<generatorID>F55A0985-31E1-DFDF-5DAB-AE89DE4EB416</generatorID>
<ownerDesignName>JOBDD</ownerDesignName>
<deleteRule>NO ACTION</deleteRule>
<referredTableID>AB241296-2356-7E55-E9F3-C2770F892094</referredTableID>
<keyObject>D67F5252-42E9-E350-8536-3A5887DBF512</keyObject>
<referredKeyID>D67F5252-42E9-E350-8536-3A5887DBF512</referredKeyID>
<mandatory>true</mandatory>
<transferable>true</transferable>
<rely>false</rely>
<columnDependencyConstraintGenerateInDDL>true</columnDependencyConstraintGenerateInDDL>
</FKIndexAssociation>