<?xml version = '1.0' encoding = 'UTF-8'?>
<Diagram class="oracle.dbtools.crest.swingui.relational.DPVRelational" name="Relational_1" id="23380107-B369-D995-B527-C7CEA56A597A">
<createdBy>lmilbor</createdBy>
<modifiedBy>lmilbor</modifiedBy>
<createdTime>2017-04-20 07:23:32 UTC</createdTime>
<autoRoute>false</autoRoute>
<boxInbox>true</boxInbox>
<showLegend>false</showLegend>
<showLabels>false</showLabels>
<showRelAttributes>false</showRelAttributes>
<gridEnabled>true</gridEnabled>
<showGrid>true</showGrid>
<diagramColor>-1</diagramColor>
<display>false</display>
<notation>1</notation>
<objectViews>
<OView class="oracle.dbtools.crest.swingui.relational.TVTable" oid="0D87A51B-0F8D-0CD6-511D-616E146E681B" otype="Table" vid="417F849A-0399-B202-DEFB-01D6BC8B8972">
<hideElementsInCurrentOnly>false</hideElementsInCurrentOnly>
<bounds x="40" y="50" width="221" height="122"/>
</OView>
<OView class="oracle.dbtools.crest.swingui.relational.TVTable" oid="13C5B060-4FE1-700C-AD65-A966EB8376E7" otype="Table" vid="C8DAC22F-24D9-E521-3C81-B27F97AB1CCA">
<hideElementsInCurrentOnly>false</hideElementsInCurrentOnly>
<bounds x="1240" y="120" width="191" height="71"/>
</OView>
<OView class="oracle.dbtools.crest.swingui.relational.TVTable" oid="207CD07F-A9DA-C536-9842-ECF6B5B07FDD" otype="Table" vid="958FDCE9-28A9-0E26-74B8-331B375AA724">
<hideElementsInCurrentOnly>false</hideElementsInCurrentOnly>
<bounds x="380" y="50" width="191" height="72"/>
</OView>
<OView class="oracle.dbtools.crest.swingui.relational.TVTable" oid="4277DD1A-B5B2-0849-EB1E-A194E2C73187" otype="Table" vid="406DFA4B-41ED-B3D6-E519-C99AEB8F5280">
<hideElementsInCurrentOnly>false</hideElementsInCurrentOnly>
<bounds x="10" y="780" width="256" height="122"/>
</OView>
<OView class="oracle.dbtools.crest.swingui.relational.TVTable" oid="6B2EE490-C5B4-104D-1407-EF202D559919" otype="Table" vid="78B77934-DA63-764E-B954-480DFA00E20F">
<hideElementsInCurrentOnly>false</hideElementsInCurrentOnly>
<bounds x="1270" y="640" width="192" height="82"/>
</OView>
<OView class="oracle.dbtools.crest.swingui.relational.TVTable" oid="73614B6F-1136-FF6C-8BFE-5EB4FC0C670D" otype="Table" vid="274F0950-CB2C-1C17-39F3-AF0D67AA1316">
<hideElementsInCurrentOnly>false</hideElementsInCurrentOnly>
<bounds x="1270" y="270" width="231" height="110"/>
</OView>
<OView class="oracle.dbtools.crest.swingui.TVNote" oid="7742D126-3F8E-FCDD-602C-5BC4014972AA" otype="Note" vid="6904894A-7A4B-A15F-7209-9C704158405A">
<hideElementsInCurrentOnly>false</hideElementsInCurrentOnly>
<bounds x="950" y="300" width="141" height="71"/>
<comment>La productivité d&apos;un tempsTache correspond à la productivité de la personne à la DateMAJ</comment>
</OView>
<OView class="oracle.dbtools.crest.swingui.TVNote" oid="77976265-472F-498D-CD57-8F20FD6B0344" otype="Note" vid="0A3B610E-6888-1311-8D63-BFE0DAA3CE20">
<hideElementsInCurrentOnly>false</hideElementsInCurrentOnly>
<bounds x="1300" y="480" width="131" height="51"/>
<comment>Un Métier ne peut avoir que des Activité de type production.</comment>
</OView>
<OView class="oracle.dbtools.crest.swingui.relational.TVTable" oid="83A38E52-35BC-9122-0665-ACDFC95873C8" otype="Table" vid="FC69F6A6-5E82-02F3-D337-E884BF132B67">
<hideElementsInCurrentOnly>false</hideElementsInCurrentOnly>
<bounds x="550" y="600" width="287" height="220"/>
</OView>
<OView class="oracle.dbtools.crest.swingui.relational.TVTable" oid="95BA2B9C-90C7-B460-272C-48712B6002FA" otype="Table" vid="6C7CAC3E-97A7-02E6-7365-44B0ECE2F5D6">
<hideElementsInCurrentOnly>false</hideElementsInCurrentOnly>
<bounds x="760" y="380" width="221" height="141"/>
</OView>
<OView class="oracle.dbtools.crest.swingui.relational.TVTable" oid="A6EEEE47-14CC-D552-3B19-797B3D22FF72" otype="Table" vid="5FE0332C-9C87-9A46-2A08-0B091014497F">
<hideElementsInCurrentOnly>false</hideElementsInCurrentOnly>
<bounds x="1050" y="400" width="202" height="131"/>
</OView>
<OView class="oracle.dbtools.crest.swingui.relational.TVTable" oid="AB241296-2356-7E55-E9F3-C2770F892094" otype="Table" vid="4A835E05-5E3D-89AB-6989-54949EE23581">
<hideElementsInCurrentOnly>false</hideElementsInCurrentOnly>
<bounds x="10" y="580" width="219" height="150"/>
</OView>
<OView class="oracle.dbtools.crest.swingui.relational.TVTable" oid="D0B44AB6-CC2E-55AA-D1AA-696A551DC7A8" otype="Table" vid="EF5591C8-CAB5-1D60-36DC-170A612D084A">
<hideElementsInCurrentOnly>false</hideElementsInCurrentOnly>
<bounds x="680" y="70" width="231" height="201"/>
</OView>
<OView class="oracle.dbtools.crest.swingui.relational.TVTable" oid="D10880FD-A533-2537-1F8B-761B7E4537A6" otype="Table" vid="AFB26F39-A30E-6314-B05B-E867CF5DAEDA">
<hideElementsInCurrentOnly>false</hideElementsInCurrentOnly>
<bounds x="380" y="350" width="221" height="146"/>
</OView>
<OView class="oracle.dbtools.crest.swingui.relational.TVTable" oid="D6D8BB34-05B7-A077-F75E-BE43BDA853E2" otype="Table" vid="093702D3-AA27-DDA3-32AF-FDFDC37269AF">
<hideElementsInCurrentOnly>false</hideElementsInCurrentOnly>
<bounds x="10" y="400" width="191" height="108"/>
</OView>
<OView class="oracle.dbtools.crest.swingui.relational.TVTable" oid="D85E0059-8297-9465-2701-2FE523D472F5" otype="Table" vid="9FD19409-AF73-296E-F927-264049205B0D">
<hideElementsInCurrentOnly>false</hideElementsInCurrentOnly>
<bounds x="30" y="240" width="181" height="71"/>
</OView>
</objectViews>
<connectors>
<Connector class="oracle.dbtools.crest.swingui.relational.TVFKRelation" oid="2330F6B7-6D22-4759-27AC-BFE7DD6153F1" otype="FKIndexAssociation" vid_source="AFB26F39-A30E-6314-B05B-E867CF5DAEDA" vid_target="AFB26F39-A30E-6314-B05B-E867CF5DAEDA">
<hideElementsInCurrentOnly>false</hideElementsInCurrentOnly>
<lineWidth>1</lineWidth>
<points>
<point x="459" y="496"/>
<point x="459" y="509"/>
<point x="459" y="539"/>
<point x="409" y="539"/>
<point x="409" y="496"/>
</points>
</Connector>
<Connector class="oracle.dbtools.crest.swingui.relational.TVFKRelation" oid="42019344-91E8-9F0A-5E9D-0D40395FCAA4" otype="FKIndexAssociation" vid_source="6C7CAC3E-97A7-02E6-7365-44B0ECE2F5D6" vid_target="FC69F6A6-5E82-02F3-D337-E884BF132B67">
<hideElementsInCurrentOnly>false</hideElementsInCurrentOnly>
<lineWidth>1</lineWidth>
<points>
<point x="798" y="521"/>
<point x="798" y="600"/>
</points>
</Connector>
<Connector class="oracle.dbtools.crest.swingui.relational.TVFKRelation" oid="49FFF862-C39A-2C24-3415-E70AC52493E5" otype="FKIndexAssociation" vid_source="C8DAC22F-24D9-E521-3C81-B27F97AB1CCA" vid_target="EF5591C8-CAB5-1D60-36DC-170A612D084A">
<hideElementsInCurrentOnly>false</hideElementsInCurrentOnly>
<lineWidth>1</lineWidth>
<points>
<point x="1240" y="155"/>
<point x="911" y="155"/>
</points>
</Connector>
<Connector class="oracle.dbtools.crest.swingui.relational.TVFKRelation" oid="4CA5CE06-43F8-5B79-96B1-D85BC1ABBA60" otype="FKIndexAssociation" vid_source="4A835E05-5E3D-89AB-6989-54949EE23581" vid_target="FC69F6A6-5E82-02F3-D337-E884BF132B67">
<hideElementsInCurrentOnly>false</hideElementsInCurrentOnly>
<lineWidth>1</lineWidth>
<points>
<point x="229" y="665"/>
<point x="550" y="665"/>
</points>
</Connector>
<Connector class="oracle.dbtools.crest.swingui.relational.TVFKRelation" oid="58C3C643-D3F9-8518-DA1F-5EAE7017987D" otype="FKIndexAssociation" vid_source="AFB26F39-A30E-6314-B05B-E867CF5DAEDA" vid_target="FC69F6A6-5E82-02F3-D337-E884BF132B67">
<hideElementsInCurrentOnly>false</hideElementsInCurrentOnly>
<lineWidth>1</lineWidth>
<points>
<point x="575" y="496"/>
<point x="575" y="600"/>
</points>
</Connector>
<Connector class="oracle.dbtools.crest.swingui.relational.TVFKRelation" oid="5C91948F-D07E-BAE3-56FD-E7CD51EA2B1F" otype="FKIndexAssociation" vid_source="78B77934-DA63-764E-B954-480DFA00E20F" vid_target="274F0950-CB2C-1C17-39F3-AF0D67AA1316">
<hideElementsInCurrentOnly>false</hideElementsInCurrentOnly>
<lineWidth>1</lineWidth>
<points>
<point x="1366" y="640"/>
<point x="1366" y="380"/>
</points>
</Connector>
<Connector class="oracle.dbtools.crest.swingui.relational.TVFKRelation" oid="6127B7F6-8BB3-C598-0941-ECAE8CC60C7C" otype="FKIndexAssociation" vid_source="9FD19409-AF73-296E-F927-264049205B0D" vid_target="093702D3-AA27-DDA3-32AF-FDFDC37269AF">
<hideElementsInCurrentOnly>false</hideElementsInCurrentOnly>
<lineWidth>1</lineWidth>
<points>
<point x="120" y="311"/>
<point x="120" y="400"/>
</points>
</Connector>
<Connector class="oracle.dbtools.crest.swingui.relational.TVFKRelation" oid="80FE29C4-413B-7853-B4A5-A261723263DC" otype="FKIndexAssociation" vid_source="6C7CAC3E-97A7-02E6-7365-44B0ECE2F5D6" vid_target="5FE0332C-9C87-9A46-2A08-0B091014497F">
<hideElementsInCurrentOnly>false</hideElementsInCurrentOnly>
<lineWidth>1</lineWidth>
<points>
<point x="981" y="460"/>
<point x="1050" y="460"/>
</points>
</Connector>
<Connector class="oracle.dbtools.crest.swingui.relational.TVFKRelation" oid="81FBE412-E478-487E-FE2F-4A77C2363CB3" otype="FKIndexAssociation" vid_source="C8DAC22F-24D9-E521-3C81-B27F97AB1CCA" vid_target="274F0950-CB2C-1C17-39F3-AF0D67AA1316">
<hideElementsInCurrentOnly>false</hideElementsInCurrentOnly>
<lineWidth>1</lineWidth>
<points>
<point x="1350" y="191"/>
<point x="1350" y="270"/>
</points>
</Connector>
<Connector class="oracle.dbtools.crest.swingui.relational.TVFKRelation" oid="87B303EA-263E-AF07-DB09-330B0587EFCF" otype="FKIndexAssociation" vid_source="9FD19409-AF73-296E-F927-264049205B0D" vid_target="417F849A-0399-B202-DEFB-01D6BC8B8972">
<hideElementsInCurrentOnly>false</hideElementsInCurrentOnly>
<lineWidth>1</lineWidth>
<points>
<point x="125" y="240"/>
<point x="125" y="172"/>
</points>
</Connector>
<Connector class="oracle.dbtools.crest.swingui.relational.TVFKRelation" oid="8BE0C64F-288F-E859-FF05-601E889EDA1C" otype="FKIndexAssociation" vid_source="093702D3-AA27-DDA3-32AF-FDFDC37269AF" vid_target="AFB26F39-A30E-6314-B05B-E867CF5DAEDA">
<hideElementsInCurrentOnly>false</hideElementsInCurrentOnly>
<lineWidth>1</lineWidth>
<points>
<point x="201" y="448"/>
<point x="380" y="448"/>
</points>
</Connector>
<Connector class="oracle.dbtools.crest.swingui.relational.TVFKRelation" oid="986470DB-93E5-3BD1-5E80-65883FB3197C" otype="FKIndexAssociation" vid_source="958FDCE9-28A9-0E26-74B8-331B375AA724" vid_target="417F849A-0399-B202-DEFB-01D6BC8B8972">
<hideElementsInCurrentOnly>false</hideElementsInCurrentOnly>
<lineWidth>1</lineWidth>
<points>
<point x="380" y="86"/>
<point x="261" y="86"/>
</points>
</Connector>
<Connector class="oracle.dbtools.crest.swingui.relational.TVFKRelation" oid="A1635F41-C40F-E704-59C9-46A638761387" otype="FKIndexAssociation" vid_source="EF5591C8-CAB5-1D60-36DC-170A612D084A" vid_target="6C7CAC3E-97A7-02E6-7365-44B0ECE2F5D6">
<hideElementsInCurrentOnly>false</hideElementsInCurrentOnly>
<lineWidth>1</lineWidth>
<points>
<point x="835" y="271"/>
<point x="835" y="380"/>
</points>
</Connector>
<Connector class="oracle.dbtools.crest.swingui.relational.TVFKRelation" oid="CC0A267A-5CD8-E11D-8647-87FC6FE2C29C" otype="FKIndexAssociation" vid_source="78B77934-DA63-764E-B954-480DFA00E20F" vid_target="FC69F6A6-5E82-02F3-D337-E884BF132B67">
<hideElementsInCurrentOnly>false</hideElementsInCurrentOnly>
<lineWidth>1</lineWidth>
<points>
<point x="1270" y="681"/>
<point x="837" y="681"/>
</points>
</Connector>
<Connector class="oracle.dbtools.crest.swingui.relational.TVFKRelation" oid="D5B3900B-6D01-F57E-4C77-716E9C502DC1" otype="FKIndexAssociation" vid_source="417F849A-0399-B202-DEFB-01D6BC8B8972" vid_target="EF5591C8-CAB5-1D60-36DC-170A612D084A">
<hideElementsInCurrentOnly>false</hideElementsInCurrentOnly>
<lineWidth>1</lineWidth>
<points>
<point x="261" y="160"/>
<point x="680" y="160"/>
</points>
</Connector>
<Connector class="oracle.dbtools.crest.swingui.relational.TVFKRelation" oid="D9BD47E9-B50E-ED45-5771-70206E45BBEC" otype="FKIndexAssociation" vid_source="EF5591C8-CAB5-1D60-36DC-170A612D084A" vid_target="EF5591C8-CAB5-1D60-36DC-170A612D084A">
<hideElementsInCurrentOnly>false</hideElementsInCurrentOnly>
<lineWidth>1</lineWidth>
<points>
<point x="770" y="271"/>
<point x="770" y="252"/>
<point x="770" y="302"/>
<point x="700" y="302"/>
<point x="700" y="271"/>
</points>
</Connector>
<Connector class="oracle.dbtools.crest.swingui.relational.TVFKRelation" oid="E10C970A-4043-8175-9DE4-41E6F85EDC98" otype="FKIndexAssociation" vid_source="093702D3-AA27-DDA3-32AF-FDFDC37269AF" vid_target="4A835E05-5E3D-89AB-6989-54949EE23581">
<hideElementsInCurrentOnly>false</hideElementsInCurrentOnly>
<lineWidth>1</lineWidth>
<points>
<point x="135" y="508"/>
<point x="135" y="580"/>
</points>
</Connector>
<Connector class="oracle.dbtools.crest.swingui.relational.TVFKRelation" oid="FB0DD6C6-5E23-6F0A-2F63-30E3DB6A5DF1" otype="FKIndexAssociation" vid_source="4A835E05-5E3D-89AB-6989-54949EE23581" vid_target="406DFA4B-41ED-B3D6-E519-C99AEB8F5280">
<hideElementsInCurrentOnly>false</hideElementsInCurrentOnly>
<lineWidth>1</lineWidth>
<points>
<point x="135" y="730"/>
<point x="135" y="780"/>
</points>
</Connector>
</connectors>
</Diagram>