<?xml version = '1.0' encoding = 'UTF-8'?>
<Table class="oracle.dbtools.crest.model.design.relational.Table" directorySegmentName="seg_0" id="0D87A51B-0F8D-0CD6-511D-616E146E681B" schemaObject="CDBDC8A5-8C09-B44F-43C8-BDF347B18C9C" name="Equipe">
<createdBy>lmilbor</createdBy>
<createdTime>2017-04-20 09:19:13 UTC</createdTime>
<generatorID>7B21B3E3-9E5F-C2E7-2E05-49343803B300</generatorID>
<ownerDesignName>JOBDD</ownerDesignName>
<allowColumnReorder>false</allowColumnReorder>
<existDependencyGenerateInDDl>true</existDependencyGenerateInDDl>
<parsed>true</parsed>
<columns itemClass="oracle.dbtools.crest.model.design.relational.Column">
<Column name="IDEquipe" id="6A510803-D2BE-432C-168B-779C02B50851">
<createdBy>lmilbor</createdBy>
<createdTime>2017-04-20 09:19:13 UTC</createdTime>
<generatorID>7C19F2ED-BBAC-78F0-0A65-C2016669AF0D</generatorID>
<ownerDesignName>JOBDD</ownerDesignName>
<use>0</use>
<logicalDatatype>LOGDT011</logicalDatatype>
<domain>C473CA17-FD47-5170-4376-4822F9175FD8</domain>
<ownDataTypeParameters>,,</ownDataTypeParameters>
<autoIncrementCycle>false</autoIncrementCycle>
</Column>
<Column name="IDFiliere" id="E9695B1A-2028-EBC0-4727-41C69A639685">
<createdBy>lmilbor</createdBy>
<createdTime>2017-04-20 09:19:13 UTC</createdTime>
<generatorID>5052B253-FAAF-5C1F-B221-E15002AAF6C1</generatorID>
<ownerDesignName>JOBDD</ownerDesignName>
<use>0</use>
<logicalDatatype>LOGDT037</logicalDatatype>
<domain>2F9F4157-D369-FAC0-12D7-54FAC69A7F30</domain>
<ownDataTypeParameters>,,</ownDataTypeParameters>
<previousColumn>false</previousColumn>
<autoIncrementCycle>false</autoIncrementCycle>
<associations>
<colAssociation fkAssociation="87B303EA-263E-AF07-DB09-330B0587EFCF" referredColumn="D88F1C50-DF33-E9E7-114D-66AC69FFB681"/>
</associations>
</Column>
<Column name="IDService" id="0A1CF30A-9A5C-3640-3CDB-04CD2035E1C0">
<createdBy>lmilbor</createdBy>
<createdTime>2017-04-20 09:19:13 UTC</createdTime>
<generatorID>663971F0-3C0A-BBE7-58C9-D9178CF5DC62</generatorID>
<ownerDesignName>JOBDD</ownerDesignName>
<use>0</use>
<logicalDatatype>LOGDT037</logicalDatatype>
<domain>2F9F4157-D369-FAC0-12D7-54FAC69A7F30</domain>
<ownDataTypeParameters>,,</ownDataTypeParameters>
<previousColumn>false</previousColumn>
<autoIncrementCycle>false</autoIncrementCycle>
<associations>
<colAssociation fkAssociation="986470DB-93E5-3BD1-5E80-65883FB3197C" referredColumn="0355623A-20D3-A2CF-114E-2E2C86FCE569"/>
</associations>
</Column>
</columns>
<indexes itemClass="oracle.dbtools.crest.model.design.relational.Index">
<ind_PK_UK id="96910A5E-09F4-DF8C-95D2-D4244023BB84" name="Equipe_PK">
<createdBy>lmilbor</createdBy>
<createdTime>2017-04-20 09:19:13 UTC</createdTime>
<generatorID>7F887B4D-9915-0039-6433-2B6C07C951A7</generatorID>
<ownerDesignName>JOBDD</ownerDesignName>
<pk>true</pk>
<indexState>Primary Constraint</indexState>
<isSurrogateKey>false</isSurrogateKey>
<indexColumnUsage>
<colUsage columnID="6A510803-D2BE-432C-168B-779C02B50851"/>
</indexColumnUsage>
</ind_PK_UK>
<ind_PK_UK id="38561A9D-E4D4-9094-9715-AB545A5105F6" name="Equipe_Filiere_FK">
<createdBy>lmilbor</createdBy>
<createdTime>2017-04-20 09:19:13 UTC</createdTime>
<generatorID>2EEBA01B-6B0C-295E-5604-A070FAB69520</generatorID>
<ownerDesignName>JOBDD</ownerDesignName>
<indexState>Foreign Key</indexState>
<isSurrogateKey>false</isSurrogateKey>
<indexColumnUsage>
<colUsage columnID="E9695B1A-2028-EBC0-4727-41C69A639685"/>
</indexColumnUsage>
</ind_PK_UK>
<ind_PK_UK id="6A76632A-77D7-7872-D792-3051C65BD80E" name="Equipe_Service_FK">
<createdBy>lmilbor</createdBy>
<createdTime>2017-04-20 09:19:13 UTC</createdTime>
<generatorID>7F32B68B-545E-2E7B-2200-2A327A992D85</generatorID>
<ownerDesignName>JOBDD</ownerDesignName>
<indexState>Foreign Key</indexState>
<isSurrogateKey>false</isSurrogateKey>
<indexColumnUsage>
<colUsage columnID="0A1CF30A-9A5C-3640-3CDB-04CD2035E1C0"/>
</indexColumnUsage>
</ind_PK_UK>
</indexes>
</Table>