<?xml version = '1.0' encoding = 'UTF-8'?>
<Table class="oracle.dbtools.crest.model.design.relational.Table" directorySegmentName="seg_0" id="4277DD1A-B5B2-0849-EB1E-A194E2C73187" schemaObject="CDBDC8A5-8C09-B44F-43C8-BDF347B18C9C" name="Release">
<createdBy>lmilbor</createdBy>
<createdTime>2017-04-20 09:19:13 UTC</createdTime>
<generatorID>03A5A116-3D65-F48B-52E4-10FA0EC0069F</generatorID>
<ownerDesignName>JOBDD</ownerDesignName>
<allowColumnReorder>false</allowColumnReorder>
<existDependencyGenerateInDDl>true</existDependencyGenerateInDDl>
<parsed>true</parsed>
<columns itemClass="oracle.dbtools.crest.model.design.relational.Column">
<Column name="IDRelease" id="CFDF5E81-20FB-84F4-4812-51498E01D108">
<createdBy>lmilbor</createdBy>
<createdTime>2017-04-20 09:19:13 UTC</createdTime>
<generatorID>3F3D92FE-5A95-7693-2BAD-2C808B7D6CE8</generatorID>
<ownerDesignName>JOBDD</ownerDesignName>
<use>0</use>
<logicalDatatype>LOGDT011</logicalDatatype>
<domain>3CFE9CD6-48A8-CF5C-A0BC-3F5C21859E54</domain>
<ownDataTypeParameters>,,</ownDataTypeParameters>
<autoIncrementCycle>false</autoIncrementCycle>
<listOfRanges>
<rangeDef class="oracle.dbtools.crest.model.design.constraint.AVT">
<beginValue>1</beginValue>
<endValue>999</endValue>
</rangeDef>
</listOfRanges>
</Column>
<Column name="DateSetup" id="3E5DE183-C817-14FE-DE59-0AB63A2A6E95">
<createdBy>lmilbor</createdBy>
<createdTime>2017-04-20 09:19:13 UTC</createdTime>
<generatorID>F45C35D9-468D-B1D5-F750-2A370CAA613A</generatorID>
<ownerDesignName>JOBDD</ownerDesignName>
<useDomainConstraints>false</useDomainConstraints>
<use>1</use>
<logicalDatatype>LOGDT007</logicalDatatype>
<ownDataTypeParameters>,,</ownDataTypeParameters>
<autoIncrementCycle>false</autoIncrementCycle>
</Column>
<Column name="IDVersion" id="9B6D1426-A78E-2737-D371-C57BE8BC0C67">
<createdBy>lmilbor</createdBy>
<createdTime>2017-04-20 09:19:13 UTC</createdTime>
<generatorID>33B82A41-C1F1-92A2-E48C-A139061B4D5B</generatorID>
<ownerDesignName>JOBDD</ownerDesignName>
<use>0</use>
<logicalDatatype>LOGDT037</logicalDatatype>
<domain>2F9F4157-D369-FAC0-12D7-54FAC69A7F30</domain>
<ownDataTypeParameters>,,</ownDataTypeParameters>
<previousColumn>false</previousColumn>
<autoIncrementCycle>false</autoIncrementCycle>
<associations>
<colAssociation fkAssociation="FB0DD6C6-5E23-6F0A-2F63-30E3DB6A5DF1" referredColumn="095277B5-4BBA-7626-7268-F506A934B30A"/>
</associations>
</Column>
<Column name="IDLogiciel" id="9CD1D42D-C0E8-75E0-2FD8-38007123055F">
<createdBy>lmilbor</createdBy>
<createdTime>2017-04-20 09:19:13 UTC</createdTime>
<generatorID>1EFDD035-D547-D1A5-B60C-FEC498EC398B</generatorID>
<ownerDesignName>JOBDD</ownerDesignName>
<use>0</use>
<logicalDatatype>LOGDT011</logicalDatatype>
<domain>C473CA17-FD47-5170-4376-4822F9175FD8</domain>
<ownDataTypeParameters>,,</ownDataTypeParameters>
<previousColumn>false</previousColumn>
<autoIncrementCycle>false</autoIncrementCycle>
<associations>
<colAssociation fkAssociation="FB0DD6C6-5E23-6F0A-2F63-30E3DB6A5DF1" referredColumn="4A6C9AC9-216A-51ED-FCFA-8A1E146F67C6"/>
</associations>
</Column>
</columns>
<indexes itemClass="oracle.dbtools.crest.model.design.relational.Index">
<ind_PK_UK id="55EE71E9-4C9E-969B-E30B-4D0147FEBD64" name="Release_PK">
<createdBy>lmilbor</createdBy>
<createdTime>2017-04-20 09:19:13 UTC</createdTime>
<generatorID>A3233840-66CF-A9F6-FA4E-E5EDA5E6DCC0</generatorID>
<ownerDesignName>JOBDD</ownerDesignName>
<pk>true</pk>
<indexState>Primary Constraint</indexState>
<isSurrogateKey>false</isSurrogateKey>
<indexColumnUsage>
<colUsage columnID="CFDF5E81-20FB-84F4-4812-51498E01D108"/>
<colUsage columnID="9B6D1426-A78E-2737-D371-C57BE8BC0C67"/>
<colUsage columnID="9CD1D42D-C0E8-75E0-2FD8-38007123055F"/>
</indexColumnUsage>
</ind_PK_UK>
<ind_PK_UK id="01524C37-0E8E-B069-5520-18A35E20C83A" name="Release_Version_FK">
<createdBy>lmilbor</createdBy>
<createdTime>2017-04-20 09:19:13 UTC</createdTime>
<generatorID>F55A0985-31E1-DFDF-5DAB-AE89DE4EB416</generatorID>
<ownerDesignName>JOBDD</ownerDesignName>
<indexState>Foreign Key</indexState>
<isSurrogateKey>false</isSurrogateKey>
<indexColumnUsage>
<colUsage columnID="9B6D1426-A78E-2737-D371-C57BE8BC0C67"/>
<colUsage columnID="9CD1D42D-C0E8-75E0-2FD8-38007123055F"/>
</indexColumnUsage>
</ind_PK_UK>
</indexes>
</Table>