<?xml version = '1.0' encoding = 'UTF-8'?>
<Table class="oracle.dbtools.crest.model.design.relational.Table" directorySegmentName="seg_0" id="73614B6F-1136-FF6C-8BFE-5EB4FC0C670D" schemaObject="CDBDC8A5-8C09-B44F-43C8-BDF347B18C9C" name="Metier_Activite">
<createdBy>lmilbor</createdBy>
<createdTime>2017-04-20 09:19:13 UTC</createdTime>
<ownerDesignName>JOBDD</ownerDesignName>
<allowColumnReorder>false</allowColumnReorder>
<existDependencyGenerateInDDl>true</existDependencyGenerateInDDl>
<parsed>true</parsed>
<columns itemClass="oracle.dbtools.crest.model.design.relational.Column">
<Column name="IDMetier" id="DD66F3B8-680E-628A-B28C-F7276DF74D6D">
<createdBy>lmilbor</createdBy>
<createdTime>2017-04-20 09:19:13 UTC</createdTime>
<ownerDesignName>JOBDD</ownerDesignName>
<use>0</use>
<logicalDatatype>LOGDT037</logicalDatatype>
<domain>2F9F4157-D369-FAC0-12D7-54FAC69A7F30</domain>
<ownDataTypeParameters>,,</ownDataTypeParameters>
<previousColumn>false</previousColumn>
<autoIncrementCycle>false</autoIncrementCycle>
<associations>
<colAssociation fkAssociation="81FBE412-E478-487E-FE2F-4A77C2363CB3" referredColumn="3ED57C8F-EC80-CF3E-7DBE-2040FD107D27"/>
</associations>
</Column>
<Column name="IDActivite" id="9A7EDD1D-5C52-BB00-8A4B-8291A02A97FB">
<createdBy>lmilbor</createdBy>
<createdTime>2017-04-20 09:19:13 UTC</createdTime>
<ownerDesignName>JOBDD</ownerDesignName>
<use>0</use>
<logicalDatatype>LOGDT037</logicalDatatype>
<domain>2F9F4157-D369-FAC0-12D7-54FAC69A7F30</domain>
<ownDataTypeParameters>,,</ownDataTypeParameters>
<previousColumn>false</previousColumn>
<autoIncrementCycle>false</autoIncrementCycle>
<associations>
<colAssociation fkAssociation="5C91948F-D07E-BAE3-56FD-E7CD51EA2B1F" referredColumn="1309C70A-6B3A-5231-CE27-F5EE23EACE42"/>
</associations>
</Column>
</columns>
<indexes itemClass="oracle.dbtools.crest.model.design.relational.Index">
<ind_PK_UK id="28D0AD14-7DD2-9ED3-8576-A7B9D320B441" name="Metier_Activite_PK">
<createdBy>lmilbor</createdBy>
<createdTime>2017-04-20 09:19:13 UTC</createdTime>
<ownerDesignName>JOBDD</ownerDesignName>
<pk>true</pk>
<indexState>Primary Constraint</indexState>
<isSurrogateKey>false</isSurrogateKey>
<indexColumnUsage>
<colUsage columnID="DD66F3B8-680E-628A-B28C-F7276DF74D6D"/>
<colUsage columnID="9A7EDD1D-5C52-BB00-8A4B-8291A02A97FB"/>
</indexColumnUsage>
</ind_PK_UK>
<ind_PK_UK id="F24F89B4-F8D6-E4BA-1422-0C297EDC3432" name="FK_ASS_28">
<createdBy>lmilbor</createdBy>
<createdTime>2017-04-20 09:19:13 UTC</createdTime>
<generatorID>130D83C2-2E7E-34E9-B67A-74382187B3AE</generatorID>
<ownerDesignName>JOBDD</ownerDesignName>
<indexState>Foreign Key</indexState>
<isSurrogateKey>false</isSurrogateKey>
<indexColumnUsage>
<colUsage columnID="DD66F3B8-680E-628A-B28C-F7276DF74D6D"/>
</indexColumnUsage>
</ind_PK_UK>
<ind_PK_UK id="F1C97ACD-4F40-23D7-F6C2-802E3BA0DEAB" name="FK_ASS_29">
<createdBy>lmilbor</createdBy>
<createdTime>2017-04-20 09:19:13 UTC</createdTime>
<generatorID>130D83C2-2E7E-34E9-B67A-74382187B3AE</generatorID>
<ownerDesignName>JOBDD</ownerDesignName>
<indexState>Foreign Key</indexState>
<isSurrogateKey>false</isSurrogateKey>
<indexColumnUsage>
<colUsage columnID="9A7EDD1D-5C52-BB00-8A4B-8291A02A97FB"/>
</indexColumnUsage>
</ind_PK_UK>
</indexes>
</Table>