<?xml version = '1.0' encoding = 'UTF-8'?>
<Table class="oracle.dbtools.crest.model.design.relational.Table" directorySegmentName="seg_0" id="83A38E52-35BC-9122-0665-ACDFC95873C8" schemaObject="CDBDC8A5-8C09-B44F-43C8-BDF347B18C9C" name="TacheProduction">
<createdBy>lmilbor</createdBy>
<createdTime>2017-04-20 09:19:13 UTC</createdTime>
<generatorID>68A574CC-1608-F667-7F89-937DB1677A4E</generatorID>
<ownerDesignName>JOBDD</ownerDesignName>
<allowColumnReorder>false</allowColumnReorder>
<existDependencyGenerateInDDl>true</existDependencyGenerateInDDl>
<parsed>true</parsed>
<columns itemClass="oracle.dbtools.crest.model.design.relational.Column">
<Column name="IDTache" id="2B77232B-7589-2D94-2160-7F57875194FE">
<createdBy>lmilbor</createdBy>
<createdTime>2017-04-20 09:19:13 UTC</createdTime>
<generatorID>B0A984C8-8E24-3213-C3E0-1617F7843114</generatorID>
<ownerDesignName>JOBDD</ownerDesignName>
<use>0</use>
<logicalDatatype>LOGDT011</logicalDatatype>
<domain>C473CA17-FD47-5170-4376-4822F9175FD8</domain>
<ownDataTypeParameters>,,</ownDataTypeParameters>
<autoIncrementCycle>false</autoIncrementCycle>
<associations>
<colAssociation fkAssociation="42019344-91E8-9F0A-5E9D-0D40395FCAA4" referredColumn="2D3B2219-5242-2D9D-80E3-01D787AA138F"/>
</associations>
</Column>
<Column name="IDVersion" id="75AA12DF-C8A3-6F63-F5AD-F7340F537F35">
<createdBy>lmilbor</createdBy>
<createdTime>2017-04-20 09:19:13 UTC</createdTime>
<generatorID>6E73F7DC-65CF-D3F6-88E2-3EC3F6B1E951</generatorID>
<ownerDesignName>JOBDD</ownerDesignName>
<use>0</use>
<logicalDatatype>LOGDT037</logicalDatatype>
<domain>2F9F4157-D369-FAC0-12D7-54FAC69A7F30</domain>
<ownDataTypeParameters>,,</ownDataTypeParameters>
<previousColumn>false</previousColumn>
<autoIncrementCycle>false</autoIncrementCycle>
<associations>
<colAssociation fkAssociation="4CA5CE06-43F8-5B79-96B1-D85BC1ABBA60" referredColumn="095277B5-4BBA-7626-7268-F506A934B30A"/>
</associations>
</Column>
<Column name="IDModule" id="CA1A6E77-F12E-2163-2A79-F4DD3485C795">
<createdBy>lmilbor</createdBy>
<createdTime>2017-04-20 09:19:13 UTC</createdTime>
<generatorID>3D1EA598-5385-FD31-66B3-26917603FCD9</generatorID>
<ownerDesignName>JOBDD</ownerDesignName>
<use>0</use>
<logicalDatatype>LOGDT037</logicalDatatype>
<domain>2F9F4157-D369-FAC0-12D7-54FAC69A7F30</domain>
<ownDataTypeParameters>,,</ownDataTypeParameters>
<previousColumn>false</previousColumn>
<autoIncrementCycle>false</autoIncrementCycle>
<associations>
<colAssociation fkAssociation="58C3C643-D3F9-8518-DA1F-5EAE7017987D" referredColumn="FB4165E3-8EC6-A559-D1DF-75078674BFD4"/>
</associations>
</Column>
<Column name="IDActivite" id="B68DBB37-27F7-0A05-B287-537FFE314EBE">
<createdBy>lmilbor</createdBy>
<createdTime>2017-04-20 09:19:13 UTC</createdTime>
<generatorID>2DA57E29-FD1D-2C0E-8474-C741F10CC756</generatorID>
<ownerDesignName>JOBDD</ownerDesignName>
<use>0</use>
<logicalDatatype>LOGDT037</logicalDatatype>
<domain>2F9F4157-D369-FAC0-12D7-54FAC69A7F30</domain>
<ownDataTypeParameters>,,</ownDataTypeParameters>
<previousColumn>false</previousColumn>
<autoIncrementCycle>false</autoIncrementCycle>
<associations>
<colAssociation fkAssociation="CC0A267A-5CD8-E11D-8647-87FC6FE2C29C" referredColumn="1309C70A-6B3A-5231-CE27-F5EE23EACE42"/>
</associations>
</Column>
<Column name="DuréePrévue" id="5D9D07FD-260E-FB4B-DE59-021050F56067">
<createdBy>lmilbor</createdBy>
<createdTime>2017-04-20 09:19:13 UTC</createdTime>
<generatorID>1D725ABE-5986-7B5A-0971-4E0C34113A7A</generatorID>
<ownerDesignName>JOBDD</ownerDesignName>
<useDomainConstraints>false</useDomainConstraints>
<use>1</use>
<logicalDatatype>LOGDT020</logicalDatatype>
<ownDataTypeParameters>,,</ownDataTypeParameters>
<autoIncrementCycle>false</autoIncrementCycle>
</Column>
<Column name="DateDébut" id="2587C0FA-8BFD-D9C4-8391-65D9D63EAACA">
<createdBy>lmilbor</createdBy>
<createdTime>2017-04-20 09:19:13 UTC</createdTime>
<generatorID>AA95EFA3-4BCE-70DF-A25F-915E4E20E2EE</generatorID>
<ownerDesignName>JOBDD</ownerDesignName>
<useDomainConstraints>false</useDomainConstraints>
<use>1</use>
<logicalDatatype>LOGDT007</logicalDatatype>
<ownDataTypeParameters>,,</ownDataTypeParameters>
<autoIncrementCycle>false</autoIncrementCycle>
</Column>
<Column name="DuréeRestante" id="5CF4FB0C-9C42-FAF3-6E34-09CAF81A5F82">
<createdBy>lmilbor</createdBy>
<createdTime>2017-04-20 09:19:13 UTC</createdTime>
<generatorID>C5A18318-683E-17B4-A05F-8C4299565ED1</generatorID>
<ownerDesignName>JOBDD</ownerDesignName>
<useDomainConstraints>false</useDomainConstraints>
<use>1</use>
<logicalDatatype>LOGDT020</logicalDatatype>
<ownDataTypeParameters>,,</ownDataTypeParameters>
<autoIncrementCycle>false</autoIncrementCycle>
</Column>
<Column name="IDLogiciel" id="1540EF04-B01B-40E5-7CA6-D73D773B8D11">
<createdBy>lmilbor</createdBy>
<createdTime>2017-04-20 09:19:13 UTC</createdTime>
<generatorID>933CB267-6E05-8A88-B916-6CDCA803D0F4</generatorID>
<ownerDesignName>JOBDD</ownerDesignName>
<use>0</use>
<logicalDatatype>LOGDT011</logicalDatatype>
<domain>C473CA17-FD47-5170-4376-4822F9175FD8</domain>
<ownDataTypeParameters>,,</ownDataTypeParameters>
<previousColumn>false</previousColumn>
<autoIncrementCycle>false</autoIncrementCycle>
<associations>
<colAssociation fkAssociation="4CA5CE06-43F8-5B79-96B1-D85BC1ABBA60" referredColumn="4A6C9AC9-216A-51ED-FCFA-8A1E146F67C6"/>
</associations>
</Column>
</columns>
<indexes itemClass="oracle.dbtools.crest.model.design.relational.Index">
<ind_PK_UK id="851D4410-FA39-D933-D2CB-F5758A5D0165" name="TacheProduction_PK">
<createdBy>lmilbor</createdBy>
<createdTime>2017-04-20 09:19:13 UTC</createdTime>
<generatorID>805AD4B9-B9CE-E59E-16E3-80FB7FC99A67</generatorID>
<ownerDesignName>JOBDD</ownerDesignName>
<pk>true</pk>
<indexState>Primary Constraint</indexState>
<isSurrogateKey>false</isSurrogateKey>
<indexColumnUsage>
<colUsage columnID="2B77232B-7589-2D94-2160-7F57875194FE"/>
</indexColumnUsage>
</ind_PK_UK>
<ind_PK_UK id="D571FF38-9ED0-06C9-F6CA-CACB97EDFF24" name="TacheProduction_Tache_FK">
<createdBy>lmilbor</createdBy>
<createdTime>2017-04-20 09:19:13 UTC</createdTime>
<generatorID>81980348-D229-085C-989C-94D234CA0DA3</generatorID>
<ownerDesignName>JOBDD</ownerDesignName>
<indexState>Foreign Key</indexState>
<isSurrogateKey>false</isSurrogateKey>
<indexColumnUsage>
<colUsage columnID="2B77232B-7589-2D94-2160-7F57875194FE"/>
</indexColumnUsage>
</ind_PK_UK>
<ind_PK_UK id="7F71FA33-9FB2-0247-5488-61B7625F4693" name="TacheProduction_Activite_FK">
<createdBy>lmilbor</createdBy>
<createdTime>2017-04-20 09:19:13 UTC</createdTime>
<generatorID>EE647B6F-BE3F-AF9F-2BBB-139C679FD120</generatorID>
<ownerDesignName>JOBDD</ownerDesignName>
<indexState>Foreign Key</indexState>
<isSurrogateKey>false</isSurrogateKey>
<indexColumnUsage>
<colUsage columnID="B68DBB37-27F7-0A05-B287-537FFE314EBE"/>
</indexColumnUsage>
</ind_PK_UK>
<ind_PK_UK id="9A68ABF5-CEBB-9838-67CC-8816C7176ECD" name="TacheProduction_Module_FK">
<createdBy>lmilbor</createdBy>
<createdTime>2017-04-20 09:19:13 UTC</createdTime>
<generatorID>8F586197-AFDC-8958-CABA-A2028BD0C814</generatorID>
<ownerDesignName>JOBDD</ownerDesignName>
<indexState>Foreign Key</indexState>
<isSurrogateKey>false</isSurrogateKey>
<indexColumnUsage>
<colUsage columnID="CA1A6E77-F12E-2163-2A79-F4DD3485C795"/>
</indexColumnUsage>
</ind_PK_UK>
<ind_PK_UK id="2BFDA036-03FD-2E96-D6DF-DFA711DBFD4B" name="TacheProduction_Version_FK">
<createdBy>lmilbor</createdBy>
<createdTime>2017-04-20 09:19:13 UTC</createdTime>
<generatorID>54DE4992-1E5D-D87E-17A9-273B32477C02</generatorID>
<ownerDesignName>JOBDD</ownerDesignName>
<indexState>Foreign Key</indexState>
<isSurrogateKey>false</isSurrogateKey>
<indexColumnUsage>
<colUsage columnID="75AA12DF-C8A3-6F63-F5AD-F7340F537F35"/>
<colUsage columnID="1540EF04-B01B-40E5-7CA6-D73D773B8D11"/>
</indexColumnUsage>
</ind_PK_UK>
</indexes>
</Table>