<?xml version = '1.0' encoding = 'UTF-8'?>
<Table class="oracle.dbtools.crest.model.design.relational.Table" directorySegmentName="seg_0" id="95BA2B9C-90C7-B460-272C-48712B6002FA" schemaObject="CDBDC8A5-8C09-B44F-43C8-BDF347B18C9C" name="Tache">
<createdBy>lmilbor</createdBy>
<createdTime>2017-04-20 09:19:13 UTC</createdTime>
<generatorID>A603A937-6043-0F86-9116-C546E6FD0CB3</generatorID>
<ownerDesignName>JOBDD</ownerDesignName>
<allowColumnReorder>false</allowColumnReorder>
<existDependencyGenerateInDDl>true</existDependencyGenerateInDDl>
<parsed>true</parsed>
<columns itemClass="oracle.dbtools.crest.model.design.relational.Column">
<Column name="IDTache" id="2D3B2219-5242-2D9D-80E3-01D787AA138F">
<createdBy>lmilbor</createdBy>
<createdTime>2017-04-20 09:19:13 UTC</createdTime>
<generatorID>B0A984C8-8E24-3213-C3E0-1617F7843114</generatorID>
<ownerDesignName>JOBDD</ownerDesignName>
<use>0</use>
<logicalDatatype>LOGDT011</logicalDatatype>
<domain>C473CA17-FD47-5170-4376-4822F9175FD8</domain>
<ownDataTypeParameters>,,</ownDataTypeParameters>
<autoIncrementColumn>true</autoIncrementColumn>
<identityColumn>true</identityColumn>
<autoIncrementCycle>false</autoIncrementCycle>
</Column>
<Column name="Libellé" id="21541712-A232-A99A-1700-F2E97193E0B3">
<createdBy>lmilbor</createdBy>
<createdTime>2017-04-20 09:19:13 UTC</createdTime>
<generatorID>E0510E5C-F391-CD6C-42F2-E7548317109D</generatorID>
<ownerDesignName>JOBDD</ownerDesignName>
<use>0</use>
<logicalDatatype>LOGDT037</logicalDatatype>
<domain>B50956F4-7C3F-31CE-F6D8-AD20C1D54CB4</domain>
<ownDataTypeParameters>,,</ownDataTypeParameters>
<autoIncrementCycle>false</autoIncrementCycle>
</Column>
<Column name="Description" id="2FBBC478-BF7F-0FAA-8577-938439E074F6">
<createdBy>lmilbor</createdBy>
<createdTime>2017-04-20 09:19:13 UTC</createdTime>
<generatorID>0BB09740-4BC4-63E8-A9D1-DB8FBC13E5B5</generatorID>
<ownerDesignName>JOBDD</ownerDesignName>
<nullsAllowed>true</nullsAllowed>
<use>0</use>
<logicalDatatype>LOGDT037</logicalDatatype>
<domain>B50956F4-7C3F-31CE-F6D8-AD20C1D54CB4</domain>
<ownDataTypeParameters>,,</ownDataTypeParameters>
<autoIncrementCycle>false</autoIncrementCycle>
</Column>
<Column name="Login" id="EA1A3B8D-A9DD-0ABE-413E-2569D3738976">
<createdBy>lmilbor</createdBy>
<createdTime>2017-04-20 09:19:13 UTC</createdTime>
<generatorID>38C8E811-77D9-A289-9FF7-0EA4C5B42EAA</generatorID>
<ownerDesignName>JOBDD</ownerDesignName>
<use>0</use>
<logicalDatatype>LOGDT037</logicalDatatype>
<domain>2F9F4157-D369-FAC0-12D7-54FAC69A7F30</domain>
<ownDataTypeParameters>,,</ownDataTypeParameters>
<previousColumn>false</previousColumn>
<autoIncrementCycle>false</autoIncrementCycle>
<associations>
<colAssociation fkAssociation="A1635F41-C40F-E704-59C9-46A638761387" referredColumn="1C1C613E-3918-8657-94F1-67A3A15B59A3"/>
</associations>
</Column>
<Column name="type" id="47D72EF7-43AC-18CB-E907-F0CADF52A91C">
<createdBy>lmilbor</createdBy>
<createdTime>2017-04-20 09:19:13 UTC</createdTime>
<generatorID>6E27285D-5123-29B5-3D0F-5B0F585BEA09</generatorID>
<ownerDesignName>JOBDD</ownerDesignName>
<use>0</use>
<logicalDatatype>LOGDT011</logicalDatatype>
<domain>C473CA17-FD47-5170-4376-4822F9175FD8</domain>
<ownDataTypeParameters>,,</ownDataTypeParameters>
<autoIncrementCycle>false</autoIncrementCycle>
</Column>
</columns>
<indexes itemClass="oracle.dbtools.crest.model.design.relational.Index">
<ind_PK_UK id="D027917A-5314-0837-A697-320E80D94E90" name="Tache_PK">
<createdBy>lmilbor</createdBy>
<createdTime>2017-04-20 09:19:13 UTC</createdTime>
<generatorID>805AD4B9-B9CE-E59E-16E3-80FB7FC99A67</generatorID>
<ownerDesignName>JOBDD</ownerDesignName>
<pk>true</pk>
<indexState>Primary Constraint</indexState>
<isSurrogateKey>false</isSurrogateKey>
<indexColumnUsage>
<colUsage columnID="2D3B2219-5242-2D9D-80E3-01D787AA138F"/>
</indexColumnUsage>
</ind_PK_UK>
<ind_PK_UK id="4E3991F9-331A-EABC-3B85-1FBD1EFC3188" name="Tache_Personne_FK">
<createdBy>lmilbor</createdBy>
<createdTime>2017-04-20 09:19:13 UTC</createdTime>
<generatorID>6E499666-4A2C-9185-2F31-E5A5CEE5114A</generatorID>
<ownerDesignName>JOBDD</ownerDesignName>
<indexState>Foreign Key</indexState>
<isSurrogateKey>false</isSurrogateKey>
<indexColumnUsage>
<colUsage columnID="EA1A3B8D-A9DD-0ABE-413E-2569D3738976"/>
</indexColumnUsage>
</ind_PK_UK>
</indexes>
</Table>