<?xml version = '1.0' encoding = 'UTF-8'?>
<Table class="oracle.dbtools.crest.model.design.relational.Table" directorySegmentName="seg_0" id="A6EEEE47-14CC-D552-3B19-797B3D22FF72" schemaObject="CDBDC8A5-8C09-B44F-43C8-BDF347B18C9C" name="TempsTache">
<createdBy>lmilbor</createdBy>
<createdTime>2017-04-20 09:19:13 UTC</createdTime>
<generatorID>88151948-10C7-ECB9-1B8F-E4D776525CA2</generatorID>
<ownerDesignName>JOBDD</ownerDesignName>
<allowColumnReorder>false</allowColumnReorder>
<existDependencyGenerateInDDl>true</existDependencyGenerateInDDl>
<parsed>true</parsed>
<columns itemClass="oracle.dbtools.crest.model.design.relational.Column">
<Column name="IDTache" id="DF0AE704-180C-C899-AD79-EE8680DC0AD2">
<createdBy>lmilbor</createdBy>
<createdTime>2017-04-20 09:19:13 UTC</createdTime>
<generatorID>31723F6C-6C11-86BC-1989-356E1D88F46E</generatorID>
<ownerDesignName>JOBDD</ownerDesignName>
<use>0</use>
<logicalDatatype>LOGDT011</logicalDatatype>
<domain>C473CA17-FD47-5170-4376-4822F9175FD8</domain>
<ownDataTypeParameters>,,</ownDataTypeParameters>
<previousColumn>false</previousColumn>
<autoIncrementCycle>false</autoIncrementCycle>
<associations>
<colAssociation fkAssociation="80FE29C4-413B-7853-B4A5-A261723263DC" referredColumn="2D3B2219-5242-2D9D-80E3-01D787AA138F"/>
</associations>
</Column>
<Column name="DateMAJ" id="2C352794-9A9B-7404-BAA4-B51C2E606F86">
<createdBy>lmilbor</createdBy>
<createdTime>2017-04-20 09:19:13 UTC</createdTime>
<generatorID>FABEA3EE-2755-6A33-5FDD-1FD1ABD661B1</generatorID>
<ownerDesignName>JOBDD</ownerDesignName>
<useDomainConstraints>false</useDomainConstraints>
<use>1</use>
<logicalDatatype>LOGDT007</logicalDatatype>
<ownDataTypeParameters>,,</ownDataTypeParameters>
<autoIncrementCycle>false</autoIncrementCycle>
</Column>
<Column name="TempsPassé" id="0E79A0C8-5C5F-B902-817C-275BFC78C5F1">
<createdBy>lmilbor</createdBy>
<createdTime>2017-04-20 09:19:13 UTC</createdTime>
<generatorID>E2FDD282-DAD9-F9E7-B1EA-0AB01C613961</generatorID>
<ownerDesignName>JOBDD</ownerDesignName>
<useDomainConstraints>false</useDomainConstraints>
<use>1</use>
<logicalDatatype>LOGDT020</logicalDatatype>
<ownDataTypeParameters>,,</ownDataTypeParameters>
<autoIncrementCycle>false</autoIncrementCycle>
</Column>
<Column name="Productivité" id="81395593-6F3B-CEA8-F0CD-3A456BC8AE39">
<createdBy>lmilbor</createdBy>
<createdTime>2017-04-20 09:19:13 UTC</createdTime>
<generatorID>6D0DFFF5-19D7-EBE4-8CA5-193B0C065C41</generatorID>
<ownerDesignName>JOBDD</ownerDesignName>
<use>0</use>
<logicalDatatype>LOGDT020</logicalDatatype>
<domain>3D328090-5020-2D67-B4AC-5BD067C3B9D8</domain>
<ownDataTypeParameters>,,</ownDataTypeParameters>
<autoIncrementCycle>false</autoIncrementCycle>
</Column>
</columns>
<indexes itemClass="oracle.dbtools.crest.model.design.relational.Index">
<ind_PK_UK id="8934068D-776B-B6CC-0B64-30A0D8CF73A1" name="TempsTache_PK">
<createdBy>lmilbor</createdBy>
<createdTime>2017-04-20 09:19:13 UTC</createdTime>
<generatorID>EBE106EE-305D-D06A-3E72-CC732B07B4C1</generatorID>
<ownerDesignName>JOBDD</ownerDesignName>
<pk>true</pk>
<indexState>Primary Constraint</indexState>
<isSurrogateKey>false</isSurrogateKey>
<indexColumnUsage>
<colUsage columnID="2C352794-9A9B-7404-BAA4-B51C2E606F86"/>
<colUsage columnID="DF0AE704-180C-C899-AD79-EE8680DC0AD2"/>
</indexColumnUsage>
</ind_PK_UK>
<ind_PK_UK id="BE1BE2D6-FDE5-D156-1C0F-1657D3C5357F" name="TempsTache_Tache_FK">
<createdBy>lmilbor</createdBy>
<createdTime>2017-04-20 09:19:13 UTC</createdTime>
<generatorID>E0696467-2639-3A24-97C2-7906A1E68C65</generatorID>
<ownerDesignName>JOBDD</ownerDesignName>
<indexState>Foreign Key</indexState>
<isSurrogateKey>false</isSurrogateKey>
<indexColumnUsage>
<colUsage columnID="DF0AE704-180C-C899-AD79-EE8680DC0AD2"/>
</indexColumnUsage>
</ind_PK_UK>
</indexes>
</Table>