<?xml version = '1.0' encoding = 'UTF-8'?>
<Table class="oracle.dbtools.crest.model.design.relational.Table" directorySegmentName="seg_0" id="AB241296-2356-7E55-E9F3-C2770F892094" schemaObject="CDBDC8A5-8C09-B44F-43C8-BDF347B18C9C" name="Version">
<createdBy>lmilbor</createdBy>
<createdTime>2017-04-20 09:19:13 UTC</createdTime>
<generatorID>DB7296F2-6239-84F5-AAEE-54E12BA11E84</generatorID>
<ownerDesignName>JOBDD</ownerDesignName>
<allowColumnReorder>false</allowColumnReorder>
<existDependencyGenerateInDDl>true</existDependencyGenerateInDDl>
<parsed>true</parsed>
<columns itemClass="oracle.dbtools.crest.model.design.relational.Column">
<Column name="IDVersion" id="095277B5-4BBA-7626-7268-F506A934B30A">
<createdBy>lmilbor</createdBy>
<createdTime>2017-04-20 09:19:13 UTC</createdTime>
<generatorID>2B30CE50-A493-3815-70BF-2A94E0A43565</generatorID>
<ownerDesignName>JOBDD</ownerDesignName>
<use>0</use>
<logicalDatatype>LOGDT037</logicalDatatype>
<domain>2F9F4157-D369-FAC0-12D7-54FAC69A7F30</domain>
<ownDataTypeParameters>,,</ownDataTypeParameters>
<autoIncrementCycle>false</autoIncrementCycle>
</Column>
<Column name="IDLogiciel" id="4A6C9AC9-216A-51ED-FCFA-8A1E146F67C6">
<createdBy>lmilbor</createdBy>
<createdTime>2017-04-20 09:19:13 UTC</createdTime>
<generatorID>3BBD6C8D-4FC5-501B-4550-4848C68EE2FE</generatorID>
<ownerDesignName>JOBDD</ownerDesignName>
<use>0</use>
<logicalDatatype>LOGDT011</logicalDatatype>
<domain>C473CA17-FD47-5170-4376-4822F9175FD8</domain>
<ownDataTypeParameters>,,</ownDataTypeParameters>
<previousColumn>false</previousColumn>
<autoIncrementCycle>false</autoIncrementCycle>
<associations>
<colAssociation fkAssociation="E10C970A-4043-8175-9DE4-41E6F85EDC98" referredColumn="B0EE6A10-6802-77FF-2017-4DC91418DBB6"/>
</associations>
</Column>
<Column name="millesime" id="46CC047F-48A2-BB92-3E3D-3849B0E19001">
<createdBy>lmilbor</createdBy>
<createdTime>2017-04-20 09:19:13 UTC</createdTime>
<generatorID>56BFBC40-DA92-45AE-410D-89FC979D87B0</generatorID>
<ownerDesignName>JOBDD</ownerDesignName>
<use>0</use>
<logicalDatatype>LOGDT037</logicalDatatype>
<domain>F862BB02-4C0E-98D1-EF4F-D8C340C2F5A8</domain>
<ownDataTypeParameters>,,</ownDataTypeParameters>
<autoIncrementCycle>false</autoIncrementCycle>
</Column>
<Column name="DateOuverture" id="3EE14C7A-9179-5DF2-95C5-4A42596D0530">
<createdBy>lmilbor</createdBy>
<createdTime>2017-04-20 09:19:13 UTC</createdTime>
<generatorID>3154874F-E433-E134-D3E9-922C82D7EB0A</generatorID>
<ownerDesignName>JOBDD</ownerDesignName>
<useDomainConstraints>false</useDomainConstraints>
<use>1</use>
<logicalDatatype>LOGDT007</logicalDatatype>
<ownDataTypeParameters>,,</ownDataTypeParameters>
<autoIncrementCycle>false</autoIncrementCycle>
</Column>
<Column name="DateSortie" id="31046743-F069-5CE1-88DD-1A91CD9A8796">
<createdBy>lmilbor</createdBy>
<createdTime>2017-04-20 09:19:13 UTC</createdTime>
<generatorID>22F51218-0822-8CCA-7E1C-B80471FE12C2</generatorID>
<ownerDesignName>JOBDD</ownerDesignName>
<nullsAllowed>true</nullsAllowed>
<useDomainConstraints>false</useDomainConstraints>
<use>1</use>
<logicalDatatype>LOGDT007</logicalDatatype>
<ownDataTypeParameters>,,</ownDataTypeParameters>
<autoIncrementCycle>false</autoIncrementCycle>
</Column>
<Column name="DateSortiePrévue" id="435B0191-C0A4-6956-860A-09CD4C98074C">
<createdBy>lmilbor</createdBy>
<createdTime>2017-04-20 11:42:44 UTC</createdTime>
<generatorID>40FA4903-DE1D-F8EB-6426-57AEDAF3586B</generatorID>
<ownerDesignName>JOBDD</ownerDesignName>
<useDomainConstraints>false</useDomainConstraints>
<use>1</use>
<logicalDatatype>LOGDT007</logicalDatatype>
<ownDataTypeParameters>,,</ownDataTypeParameters>
<autoIncrementCycle>false</autoIncrementCycle>
</Column>
</columns>
<indexes itemClass="oracle.dbtools.crest.model.design.relational.Index">
<ind_PK_UK id="D67F5252-42E9-E350-8536-3A5887DBF512" name="Version_PK">
<createdBy>lmilbor</createdBy>
<createdTime>2017-04-20 09:19:13 UTC</createdTime>
<generatorID>5FA908C6-E14D-3B11-802E-ED0BD713FDAF</generatorID>
<ownerDesignName>JOBDD</ownerDesignName>
<pk>true</pk>
<indexState>Primary Constraint</indexState>
<isSurrogateKey>false</isSurrogateKey>
<indexColumnUsage>
<colUsage columnID="095277B5-4BBA-7626-7268-F506A934B30A"/>
<colUsage columnID="4A6C9AC9-216A-51ED-FCFA-8A1E146F67C6"/>
</indexColumnUsage>
</ind_PK_UK>
<ind_PK_UK id="3FB2B5A2-F0D6-F533-2144-224C7C091991" name="Version_Logiciel_FK">
<createdBy>lmilbor</createdBy>
<createdTime>2017-04-20 09:19:13 UTC</createdTime>
<generatorID>F51BB236-634B-25D2-8466-05BAE970A10F</generatorID>
<ownerDesignName>JOBDD</ownerDesignName>
<indexState>Foreign Key</indexState>
<isSurrogateKey>false</isSurrogateKey>
<indexColumnUsage>
<colUsage columnID="4A6C9AC9-216A-51ED-FCFA-8A1E146F67C6"/>
</indexColumnUsage>
</ind_PK_UK>
</indexes>
</Table>