<?xml version = '1.0' encoding = 'UTF-8'?>
<Table class="oracle.dbtools.crest.model.design.relational.Table" directorySegmentName="seg_0" id="D0B44AB6-CC2E-55AA-D1AA-696A551DC7A8" schemaObject="CDBDC8A5-8C09-B44F-43C8-BDF347B18C9C" name="Personne">
<createdBy>lmilbor</createdBy>
<createdTime>2017-04-20 09:19:13 UTC</createdTime>
<generatorID>7795127C-9D9E-80EB-FFBA-D58E3461EE0F</generatorID>
<ownerDesignName>JOBDD</ownerDesignName>
<allowColumnReorder>false</allowColumnReorder>
<existDependencyGenerateInDDl>true</existDependencyGenerateInDDl>
<parsed>true</parsed>
<columns itemClass="oracle.dbtools.crest.model.design.relational.Column">
<Column name="Login" id="1C1C613E-3918-8657-94F1-67A3A15B59A3">
<createdBy>lmilbor</createdBy>
<createdTime>2017-04-20 09:19:13 UTC</createdTime>
<generatorID>7AA01BD1-0433-546A-75B5-62CD2EB8934F</generatorID>
<ownerDesignName>JOBDD</ownerDesignName>
<use>0</use>
<logicalDatatype>LOGDT037</logicalDatatype>
<domain>2F9F4157-D369-FAC0-12D7-54FAC69A7F30</domain>
<ownDataTypeParameters>,,</ownDataTypeParameters>
<autoIncrementCycle>false</autoIncrementCycle>
</Column>
<Column name="IDEquipe" id="339B4248-C005-39DA-531C-77AD9C4383E2">
<createdBy>lmilbor</createdBy>
<createdTime>2017-04-20 09:19:13 UTC</createdTime>
<generatorID>ABC37419-8B81-F39B-D643-5AA39F041787</generatorID>
<ownerDesignName>JOBDD</ownerDesignName>
<use>0</use>
<logicalDatatype>LOGDT011</logicalDatatype>
<domain>C473CA17-FD47-5170-4376-4822F9175FD8</domain>
<ownDataTypeParameters>,,</ownDataTypeParameters>
<previousColumn>false</previousColumn>
<autoIncrementCycle>false</autoIncrementCycle>
<associations>
<colAssociation fkAssociation="D5B3900B-6D01-F57E-4C77-716E9C502DC1" referredColumn="6A510803-D2BE-432C-168B-779C02B50851"/>
</associations>
</Column>
<Column name="IDMetier" id="C0EF53A2-9345-DD69-CD2F-D7115F37AE01">
<createdBy>lmilbor</createdBy>
<createdTime>2017-04-20 09:19:13 UTC</createdTime>
<generatorID>4D0BC2B6-0ADA-5AA3-5657-C9EFBEC3ED0F</generatorID>
<ownerDesignName>JOBDD</ownerDesignName>
<use>0</use>
<logicalDatatype>LOGDT037</logicalDatatype>
<domain>2F9F4157-D369-FAC0-12D7-54FAC69A7F30</domain>
<ownDataTypeParameters>,,</ownDataTypeParameters>
<previousColumn>false</previousColumn>
<autoIncrementCycle>false</autoIncrementCycle>
<associations>
<colAssociation fkAssociation="49FFF862-C39A-2C24-3415-E70AC52493E5" referredColumn="3ED57C8F-EC80-CF3E-7DBE-2040FD107D27"/>
</associations>
</Column>
<Column name="LoginManager" id="C8906041-AE6E-DE54-86FF-85EBB2915C2C">
<createdBy>lmilbor</createdBy>
<createdTime>2017-04-20 09:19:13 UTC</createdTime>
<generatorID>C97601AC-AA16-F095-619F-4EE7635CBBF0</generatorID>
<ownerDesignName>JOBDD</ownerDesignName>
<nullsAllowed>true</nullsAllowed>
<use>0</use>
<logicalDatatype>LOGDT037</logicalDatatype>
<domain>2F9F4157-D369-FAC0-12D7-54FAC69A7F30</domain>
<ownDataTypeParameters>,,</ownDataTypeParameters>
<previousColumn>false</previousColumn>
<autoIncrementCycle>false</autoIncrementCycle>
<associations>
<colAssociation fkAssociation="D9BD47E9-B50E-ED45-5771-70206E45BBEC" referredColumn="1C1C613E-3918-8657-94F1-67A3A15B59A3"/>
</associations>
</Column>
<Column name="Nom" id="708E45D1-0E42-7A16-C32C-651AA87D8E51">
<createdBy>lmilbor</createdBy>
<createdTime>2017-04-20 09:19:13 UTC</createdTime>
<generatorID>1233BADE-D0CA-CE7D-FA6D-2510E5CE9330</generatorID>
<ownerDesignName>JOBDD</ownerDesignName>
<use>0</use>
<logicalDatatype>LOGDT037</logicalDatatype>
<domain>B50956F4-7C3F-31CE-F6D8-AD20C1D54CB4</domain>
<ownDataTypeParameters>,,</ownDataTypeParameters>
<autoIncrementCycle>false</autoIncrementCycle>
</Column>
<Column name="Prénom" id="51FBD28F-645B-EB0C-1EE3-BCBF20D82CDC">
<createdBy>lmilbor</createdBy>
<createdTime>2017-04-20 09:19:13 UTC</createdTime>
<generatorID>0C3EB491-2B96-01F9-903F-AA651DD9CCD0</generatorID>
<ownerDesignName>JOBDD</ownerDesignName>
<use>0</use>
<logicalDatatype>LOGDT037</logicalDatatype>
<domain>B50956F4-7C3F-31CE-F6D8-AD20C1D54CB4</domain>
<ownDataTypeParameters>,,</ownDataTypeParameters>
<autoIncrementCycle>false</autoIncrementCycle>
</Column>
<Column name="Productivité" id="67389883-C47A-7517-2AFB-EEDEC1BCD535">
<createdBy>lmilbor</createdBy>
<createdTime>2017-04-20 09:19:13 UTC</createdTime>
<generatorID>F894B79A-C81C-ED47-599A-FCFFE143E50C</generatorID>
<ownerDesignName>JOBDD</ownerDesignName>
<use>0</use>
<logicalDatatype>LOGDT020</logicalDatatype>
<domain>3D328090-5020-2D67-B4AC-5BD067C3B9D8</domain>
<defaultValue>100</defaultValue>
<ownDataTypeParameters>,,</ownDataTypeParameters>
<autoIncrementCycle>false</autoIncrementCycle>
</Column>
</columns>
<indexes itemClass="oracle.dbtools.crest.model.design.relational.Index">
<ind_PK_UK id="844E902A-BC02-71AF-A3EA-017484500736" name="Personne_PK">
<createdBy>lmilbor</createdBy>
<createdTime>2017-04-20 09:19:13 UTC</createdTime>
<generatorID>46A18A2B-D1D0-3FF0-FE6D-62C4B560FDEC</generatorID>
<ownerDesignName>JOBDD</ownerDesignName>
<pk>true</pk>
<indexState>Primary Constraint</indexState>
<isSurrogateKey>false</isSurrogateKey>
<indexColumnUsage>
<colUsage columnID="1C1C613E-3918-8657-94F1-67A3A15B59A3"/>
</indexColumnUsage>
</ind_PK_UK>
<ind_PK_UK id="CBDE9CD7-6476-0A80-697A-7DEF36B6E782" name="Personne_Equipe_FK">
<createdBy>lmilbor</createdBy>
<createdTime>2017-04-20 09:19:13 UTC</createdTime>
<generatorID>A8EAEAD7-5C4D-25B1-034F-2339765D757D</generatorID>
<ownerDesignName>JOBDD</ownerDesignName>
<indexState>Foreign Key</indexState>
<isSurrogateKey>false</isSurrogateKey>
<indexColumnUsage>
<colUsage columnID="339B4248-C005-39DA-531C-77AD9C4383E2"/>
</indexColumnUsage>
</ind_PK_UK>
<ind_PK_UK id="02983A0A-5A80-5C2C-2B5D-67EDC54FB5DE" name="Personne_Personne_FK">
<createdBy>lmilbor</createdBy>
<createdTime>2017-04-20 09:19:13 UTC</createdTime>
<generatorID>72AF9B38-FE89-5CCF-CD0D-A5EFC0776CCD</generatorID>
<ownerDesignName>JOBDD</ownerDesignName>
<indexState>Foreign Key</indexState>
<isSurrogateKey>false</isSurrogateKey>
<indexColumnUsage>
<colUsage columnID="C8906041-AE6E-DE54-86FF-85EBB2915C2C"/>
</indexColumnUsage>
</ind_PK_UK>
<ind_PK_UK id="220D7102-D209-AE88-40D4-139DBE40A05E" name="Personne_Metier_FK">
<createdBy>lmilbor</createdBy>
<createdTime>2017-04-20 09:19:13 UTC</createdTime>
<generatorID>38B8DC56-479F-1CB4-350D-C5A1A5B222A8</generatorID>
<ownerDesignName>JOBDD</ownerDesignName>
<indexState>Foreign Key</indexState>
<isSurrogateKey>false</isSurrogateKey>
<indexColumnUsage>
<colUsage columnID="C0EF53A2-9345-DD69-CD2F-D7115F37AE01"/>
</indexColumnUsage>
</ind_PK_UK>
</indexes>
</Table>