<?xml version = '1.0' encoding = 'UTF-8'?>
<Table class="oracle.dbtools.crest.model.design.relational.Table" directorySegmentName="seg_0" id="D10880FD-A533-2537-1F8B-761B7E4537A6" schemaObject="CDBDC8A5-8C09-B44F-43C8-BDF347B18C9C" name="Module">
<createdBy>lmilbor</createdBy>
<createdTime>2017-04-20 09:19:13 UTC</createdTime>
<generatorID>55E365A9-3E68-F667-4874-3916DFBC15DB</generatorID>
<ownerDesignName>JOBDD</ownerDesignName>
<allowColumnReorder>false</allowColumnReorder>
<existDependencyGenerateInDDl>true</existDependencyGenerateInDDl>
<parsed>true</parsed>
<columns itemClass="oracle.dbtools.crest.model.design.relational.Column">
<Column name="IDModule" id="FB4165E3-8EC6-A559-D1DF-75078674BFD4">
<createdBy>lmilbor</createdBy>
<createdTime>2017-04-20 09:19:13 UTC</createdTime>
<generatorID>8C9BBF72-EB63-6081-82AF-390DF267FDBA</generatorID>
<ownerDesignName>JOBDD</ownerDesignName>
<use>0</use>
<logicalDatatype>LOGDT037</logicalDatatype>
<domain>2F9F4157-D369-FAC0-12D7-54FAC69A7F30</domain>
<ownDataTypeParameters>,,</ownDataTypeParameters>
<autoIncrementCycle>false</autoIncrementCycle>
</Column>
<Column name="IDLogiciel" id="BBCBA09C-5446-2D4B-04BB-EBF349F83907">
<createdBy>lmilbor</createdBy>
<createdTime>2017-04-20 09:19:13 UTC</createdTime>
<generatorID>40904F18-84CB-4D74-2C54-34E94ED1F5B8</generatorID>
<ownerDesignName>JOBDD</ownerDesignName>
<use>0</use>
<logicalDatatype>LOGDT011</logicalDatatype>
<domain>C473CA17-FD47-5170-4376-4822F9175FD8</domain>
<ownDataTypeParameters>,,</ownDataTypeParameters>
<previousColumn>false</previousColumn>
<autoIncrementCycle>false</autoIncrementCycle>
<associations>
<colAssociation fkAssociation="8BE0C64F-288F-E859-FF05-601E889EDA1C" referredColumn="B0EE6A10-6802-77FF-2017-4DC91418DBB6"/>
</associations>
</Column>
<Column name="IDSurModule" id="CB99A9D0-6888-B314-20C0-8B1F296C014D">
<createdBy>lmilbor</createdBy>
<createdTime>2017-04-20 09:19:13 UTC</createdTime>
<generatorID>FBFDAF83-9B19-E7D2-5F6C-512B096C1695</generatorID>
<ownerDesignName>JOBDD</ownerDesignName>
<nullsAllowed>true</nullsAllowed>
<use>0</use>
<logicalDatatype>LOGDT037</logicalDatatype>
<domain>2F9F4157-D369-FAC0-12D7-54FAC69A7F30</domain>
<ownDataTypeParameters>,,</ownDataTypeParameters>
<previousColumn>false</previousColumn>
<autoIncrementCycle>false</autoIncrementCycle>
<associations>
<colAssociation fkAssociation="2330F6B7-6D22-4759-27AC-BFE7DD6153F1" referredColumn="FB4165E3-8EC6-A559-D1DF-75078674BFD4"/>
</associations>
</Column>
<Column name="Libellé" id="3151889C-EDFF-5C22-E03B-BFA48A07DC41">
<createdBy>lmilbor</createdBy>
<createdTime>2017-04-20 09:19:13 UTC</createdTime>
<generatorID>F4ECA53F-A24A-D34C-6622-A407403B3168</generatorID>
<ownerDesignName>JOBDD</ownerDesignName>
<use>0</use>
<logicalDatatype>LOGDT037</logicalDatatype>
<domain>B50956F4-7C3F-31CE-F6D8-AD20C1D54CB4</domain>
<ownDataTypeParameters>,,</ownDataTypeParameters>
<autoIncrementCycle>false</autoIncrementCycle>
</Column>
</columns>
<indexes itemClass="oracle.dbtools.crest.model.design.relational.Index">
<ind_PK_UK id="01234CAC-9A1F-20FE-E300-C71E8BFB1AF1" name="Module_PK">
<createdBy>lmilbor</createdBy>
<createdTime>2017-04-20 09:19:13 UTC</createdTime>
<generatorID>BF669AFB-2571-8769-F56B-5F27B5FBD5E5</generatorID>
<ownerDesignName>JOBDD</ownerDesignName>
<pk>true</pk>
<indexState>Primary Constraint</indexState>
<isSurrogateKey>false</isSurrogateKey>
<indexColumnUsage>
<colUsage columnID="FB4165E3-8EC6-A559-D1DF-75078674BFD4"/>
</indexColumnUsage>
</ind_PK_UK>
<ind_PK_UK id="D561EF96-54A8-983F-F259-20E2DDC081D9" name="Module_Logiciel_FK">
<createdBy>lmilbor</createdBy>
<createdTime>2017-04-20 09:19:13 UTC</createdTime>
<generatorID>04471EA0-3ACE-3872-7550-C7393A2B2F31</generatorID>
<ownerDesignName>JOBDD</ownerDesignName>
<indexState>Foreign Key</indexState>
<isSurrogateKey>false</isSurrogateKey>
<indexColumnUsage>
<colUsage columnID="BBCBA09C-5446-2D4B-04BB-EBF349F83907"/>
</indexColumnUsage>
</ind_PK_UK>
<ind_PK_UK id="57CF94C9-778D-4CB7-BBF7-C5D93DB2D2F6" name="Module_Module_FK">
<createdBy>lmilbor</createdBy>
<createdTime>2017-04-20 09:19:13 UTC</createdTime>
<generatorID>D7DD4652-7676-0682-0AE1-02496360C873</generatorID>
<ownerDesignName>JOBDD</ownerDesignName>
<indexState>Foreign Key</indexState>
<isSurrogateKey>false</isSurrogateKey>
<indexColumnUsage>
<colUsage columnID="CB99A9D0-6888-B314-20C0-8B1F296C014D"/>
</indexColumnUsage>
</ind_PK_UK>
</indexes>
</Table>