<?xml version = '1.0' encoding = 'UTF-8'?>
<Table class="oracle.dbtools.crest.model.design.relational.Table" directorySegmentName="seg_0" id="D6D8BB34-05B7-A077-F75E-BE43BDA853E2" schemaObject="CDBDC8A5-8C09-B44F-43C8-BDF347B18C9C" name="Logiciel">
<createdBy>lmilbor</createdBy>
<createdTime>2017-04-20 09:19:13 UTC</createdTime>
<generatorID>5EA51E73-382C-181A-E05A-3FD1E8F356FE</generatorID>
<ownerDesignName>JOBDD</ownerDesignName>
<allowColumnReorder>false</allowColumnReorder>
<existDependencyGenerateInDDl>true</existDependencyGenerateInDDl>
<parsed>true</parsed>
<columns itemClass="oracle.dbtools.crest.model.design.relational.Column">
<Column name="IDLogiciel" id="B0EE6A10-6802-77FF-2017-4DC91418DBB6">
<createdBy>lmilbor</createdBy>
<createdTime>2017-04-20 09:19:13 UTC</createdTime>
<generatorID>62C659B0-3984-9399-17CD-ABE59F4E8B67</generatorID>
<ownerDesignName>JOBDD</ownerDesignName>
<use>0</use>
<logicalDatatype>LOGDT011</logicalDatatype>
<domain>C473CA17-FD47-5170-4376-4822F9175FD8</domain>
<ownDataTypeParameters>,,</ownDataTypeParameters>
<autoIncrementCycle>false</autoIncrementCycle>
</Column>
<Column name="IDFiliere" id="97DCDBED-B359-4F14-0AC7-B99CED388A2D">
<createdBy>lmilbor</createdBy>
<createdTime>2017-04-20 09:19:13 UTC</createdTime>
<generatorID>80251282-A70F-A715-7AA2-E1FE32087F12</generatorID>
<ownerDesignName>JOBDD</ownerDesignName>
<use>0</use>
<logicalDatatype>LOGDT037</logicalDatatype>
<domain>2F9F4157-D369-FAC0-12D7-54FAC69A7F30</domain>
<ownDataTypeParameters>,,</ownDataTypeParameters>
<previousColumn>false</previousColumn>
<autoIncrementCycle>false</autoIncrementCycle>
<associations>
<colAssociation fkAssociation="6127B7F6-8BB3-C598-0941-ECAE8CC60C7C" referredColumn="D88F1C50-DF33-E9E7-114D-66AC69FFB681"/>
</associations>
</Column>
<Column name="Libellé" id="8735613B-EF61-F47B-AF80-40B5F4B541B7">
<createdBy>lmilbor</createdBy>
<createdTime>2017-04-20 09:19:13 UTC</createdTime>
<generatorID>C6603283-3BCD-04CC-845F-E589BA8604E7</generatorID>
<ownerDesignName>JOBDD</ownerDesignName>
<use>0</use>
<logicalDatatype>LOGDT037</logicalDatatype>
<domain>B50956F4-7C3F-31CE-F6D8-AD20C1D54CB4</domain>
<ownDataTypeParameters>,,</ownDataTypeParameters>
<autoIncrementCycle>false</autoIncrementCycle>
</Column>
</columns>
<indexes itemClass="oracle.dbtools.crest.model.design.relational.Index">
<ind_PK_UK id="A0BF8FFF-8B99-EC59-8881-AA3A0C78C5C4" name="Logiciel_PK">
<createdBy>lmilbor</createdBy>
<createdTime>2017-04-20 09:19:13 UTC</createdTime>
<generatorID>72081FD6-2937-06E3-5C0D-EEABF378EE2A</generatorID>
<ownerDesignName>JOBDD</ownerDesignName>
<pk>true</pk>
<indexState>Primary Constraint</indexState>
<isSurrogateKey>false</isSurrogateKey>
<indexColumnUsage>
<colUsage columnID="B0EE6A10-6802-77FF-2017-4DC91418DBB6"/>
</indexColumnUsage>
</ind_PK_UK>
<ind_PK_UK id="226EA3E1-2629-2D84-A55D-9107B4A5225A" name="Logiciel_Filiere_FK">
<createdBy>lmilbor</createdBy>
<createdTime>2017-04-20 09:19:13 UTC</createdTime>
<generatorID>4AE1BB61-4270-BF9A-FAD7-C2039F650092</generatorID>
<ownerDesignName>JOBDD</ownerDesignName>
<indexState>Foreign Key</indexState>
<isSurrogateKey>false</isSurrogateKey>
<indexColumnUsage>
<colUsage columnID="97DCDBED-B359-4F14-0AC7-B99CED388A2D"/>
</indexColumnUsage>
</ind_PK_UK>
</indexes>
</Table>