<?xml version = '1.0' encoding = 'UTF-8'?>
<Table class="oracle.dbtools.crest.model.design.relational.Table" directorySegmentName="seg_0" id="D85E0059-8297-9465-2701-2FE523D472F5" schemaObject="CDBDC8A5-8C09-B44F-43C8-BDF347B18C9C" name="Filiere">
<createdBy>lmilbor</createdBy>
<createdTime>2017-04-20 09:19:13 UTC</createdTime>
<generatorID>84E63F35-3871-2EA2-2C42-46D81C94EC44</generatorID>
<ownerDesignName>JOBDD</ownerDesignName>
<allowColumnReorder>false</allowColumnReorder>
<existDependencyGenerateInDDl>true</existDependencyGenerateInDDl>
<parsed>true</parsed>
<columns itemClass="oracle.dbtools.crest.model.design.relational.Column">
<Column name="IDFiliere" id="D88F1C50-DF33-E9E7-114D-66AC69FFB681">
<createdBy>lmilbor</createdBy>
<createdTime>2017-04-20 09:19:13 UTC</createdTime>
<generatorID>CB1A2EB5-256B-0981-3ED3-6F5D3E12CABC</generatorID>
<ownerDesignName>JOBDD</ownerDesignName>
<use>0</use>
<logicalDatatype>LOGDT037</logicalDatatype>
<domain>2F9F4157-D369-FAC0-12D7-54FAC69A7F30</domain>
<ownDataTypeParameters>,,</ownDataTypeParameters>
<autoIncrementCycle>false</autoIncrementCycle>
</Column>
<Column name="Libellé" id="CA035616-70B5-1F69-68DC-9B7B8CDD3827">
<createdBy>lmilbor</createdBy>
<createdTime>2017-04-20 09:19:13 UTC</createdTime>
<generatorID>BD4E19D1-B121-6B6D-FE76-C4EF9D8714A6</generatorID>
<ownerDesignName>JOBDD</ownerDesignName>
<use>0</use>
<logicalDatatype>LOGDT037</logicalDatatype>
<domain>B50956F4-7C3F-31CE-F6D8-AD20C1D54CB4</domain>
<ownDataTypeParameters>,,</ownDataTypeParameters>
<autoIncrementCycle>false</autoIncrementCycle>
</Column>
</columns>
<indexes itemClass="oracle.dbtools.crest.model.design.relational.Index">
<ind_PK_UK id="46F0BD53-F6C6-2C06-9AE1-650568672B1D" name="Filiere_PK">
<createdBy>lmilbor</createdBy>
<createdTime>2017-04-20 09:19:13 UTC</createdTime>
<generatorID>8B813785-3083-44A8-B657-D483405FD58C</generatorID>
<ownerDesignName>JOBDD</ownerDesignName>
<pk>true</pk>
<indexState>Primary Constraint</indexState>
<isSurrogateKey>false</isSurrogateKey>
<indexColumnUsage>
<colUsage columnID="D88F1C50-DF33-E9E7-114D-66AC69FFB681"/>
</indexColumnUsage>
</ind_PK_UK>
</indexes>
</Table>