<?xml version = '1.0' encoding = 'UTF-8'?>
<Diagram class="oracle.dbtools.crest.swingui.logical.DPVLogical" name="Logical" id="0D519004-F0BD-BE04-EA75-E712B2BF3FD1">
<createdBy>lmilbor</createdBy>
<modifiedBy>lmilbor</modifiedBy>
<createdTime>2017-04-20 07:19:20 UTC</createdTime>
<autoRoute>false</autoRoute>
<boxInbox>false</boxInbox>
<showLegend>false</showLegend>
<showLabels>false</showLabels>
<showRelAttributes>true</showRelAttributes>
<gridEnabled>true</gridEnabled>
<showGrid>true</showGrid>
<diagramColor>-1</diagramColor>
<display>false</display>
<notation>1</notation>
<objectViews>
<OView class="oracle.dbtools.crest.swingui.logical.TVEntity" oid="03A5A116-3D65-F48B-52E4-10FA0EC0069F" otype="Entity" vid="CF073567-CD5B-66F1-2FB4-9C7791F294DE">
<hideElementsInCurrentOnly>false</hideElementsInCurrentOnly>
<bounds x="50" y="600" width="81" height="50"/>
</OView>
<OView class="oracle.dbtools.crest.swingui.logical.TVEntity" oid="2298C73D-261A-E1DC-176E-BA46F8964433" otype="Entity" vid="F4D97DFA-A24C-2F5B-5DEC-6474DF172E53">
<hideElementsInCurrentOnly>false</hideElementsInCurrentOnly>
<bounds x="700" y="140" width="91" height="61"/>
</OView>
<OView class="oracle.dbtools.crest.swingui.TVNote" oid="27F24882-5CE0-C73A-74B6-1B8429019A0F" otype="Note" vid="935A9268-519A-1051-40D4-B6EDA10B114E">
<hideElementsInCurrentOnly>false</hideElementsInCurrentOnly>
<bounds x="690" y="260" width="111" height="51"/>
<comment>Un Métier ne peut avoir que des Activité de type production.</comment>
</OView>
<OView class="oracle.dbtools.crest.swingui.TVNote" oid="2D555D2D-A58C-4CE5-F12A-0F630AC2D4E1" otype="Note" vid="C011ED59-4E18-C174-8E2F-8C203804E5FE">
<hideElementsInCurrentOnly>false</hideElementsInCurrentOnly>
<bounds x="510" y="280" width="111" height="61"/>
<comment>La productivité d&apos;un tempsTache correspond à la productivité de la personne à la DateMAJ</comment>
</OView>
<OView class="oracle.dbtools.crest.swingui.logical.TVEntity" oid="40A16B43-D996-786C-2059-AF7A41A45E2D" otype="Entity" vid="3A923792-A464-4942-0521-CCA4FC7A6FEF">
<hideElementsInCurrentOnly>false</hideElementsInCurrentOnly>
<bounds x="230" y="30" width="91" height="61"/>
</OView>
<OView class="oracle.dbtools.crest.swingui.logical.TVEntity" oid="55E365A9-3E68-F667-4874-3916DFBC15DB" otype="Entity" vid="84DEC8DE-41D6-30CE-C419-9CB4F1E0D66A">
<hideElementsInCurrentOnly>false</hideElementsInCurrentOnly>
<bounds x="250" y="290" width="94" height="56"/>
</OView>
<OView class="oracle.dbtools.crest.swingui.logical.TVEntity" oid="5EA51E73-382C-181A-E05A-3FD1E8F356FE" otype="Entity" vid="D080C785-8F9F-8A75-8D20-74953554CCB8">
<hideElementsInCurrentOnly>false</hideElementsInCurrentOnly>
<bounds x="40" y="280" width="81" height="61"/>
</OView>
<OView class="oracle.dbtools.crest.swingui.logical.TVEntity" oid="68A574CC-1608-F667-7F89-937DB1677A4E" otype="Entity" vid="D8943703-D89E-33F1-A2D3-0241E05015D0">
<hideElementsInCurrentOnly>false</hideElementsInCurrentOnly>
<bounds x="310" y="480" width="111" height="61"/>
</OView>
<OView class="oracle.dbtools.crest.swingui.logical.TVEntity" oid="7795127C-9D9E-80EB-FFBA-D58E3461EE0F" otype="Entity" vid="C3900F71-B2D0-BE81-C389-EA04AAED11CA">
<hideElementsInCurrentOnly>false</hideElementsInCurrentOnly>
<bounds x="430" y="130" width="114" height="84"/>
</OView>
<OView class="oracle.dbtools.crest.swingui.logical.TVEntity" oid="7B21B3E3-9E5F-C2E7-2E05-49343803B300" otype="Entity" vid="F1E91235-0998-5C9E-CCA5-AED660080E5D">
<hideElementsInCurrentOnly>false</hideElementsInCurrentOnly>
<bounds x="230" y="130" width="96" height="48"/>
</OView>
<OView class="oracle.dbtools.crest.swingui.logical.TVEntity" oid="80927431-804B-CE06-E2E7-4C944D910431" otype="Entity" vid="87A74C3E-8D3E-4C92-558F-5F5579249A4A">
<hideElementsInCurrentOnly>false</hideElementsInCurrentOnly>
<bounds x="710" y="430" width="91" height="61"/>
</OView>
<OView class="oracle.dbtools.crest.swingui.logical.TVEntity" oid="84E63F35-3871-2EA2-2C42-46D81C94EC44" otype="Entity" vid="92190D10-7326-41DD-A8E7-9003E9FB3A7F">
<hideElementsInCurrentOnly>false</hideElementsInCurrentOnly>
<bounds x="40" y="130" width="96" height="59"/>
</OView>
<OView class="oracle.dbtools.crest.swingui.logical.TVEntity" oid="88151948-10C7-ECB9-1B8F-E4D776525CA2" otype="Entity" vid="BF8FBCA5-5C13-345F-7735-A261BAC44CC6">
<hideElementsInCurrentOnly>false</hideElementsInCurrentOnly>
<bounds x="560" y="350" width="101" height="71"/>
</OView>
<OView class="oracle.dbtools.crest.swingui.logical.TVEntity" oid="A603A937-6043-0F86-9116-C546E6FD0CB3" otype="Entity" vid="986FD71C-E8D3-E04C-5943-176E967BFB3C">
<hideElementsInCurrentOnly>false</hideElementsInCurrentOnly>
<bounds x="400" y="350" width="101" height="81"/>
</OView>
<OView class="oracle.dbtools.crest.swingui.logical.TVEntity" oid="DB7296F2-6239-84F5-AAEE-54E12BA11E84" otype="Entity" vid="ED44A37C-F0FF-7CF4-2EB2-699CA85FC467">
<hideElementsInCurrentOnly>false</hideElementsInCurrentOnly>
<bounds x="40" y="460" width="111" height="91"/>
</OView>
</objectViews>
<connectors>
<Connector class="oracle.dbtools.crest.swingui.logical.TVRelation" oid="04471EA0-3ACE-3872-7550-C7393A2B2F31" otype="Relation" vid_source="D080C785-8F9F-8A75-8D20-74953554CCB8" vid_target="84DEC8DE-41D6-30CE-C419-9CB4F1E0D66A">
<hideElementsInCurrentOnly>false</hideElementsInCurrentOnly>
<lineWidth>1</lineWidth>
<points>
<point x="121" y="315"/>
<point x="250" y="315"/>
</points>
</Connector>
<Connector class="oracle.dbtools.crest.swingui.logical.TVRelation" oid="130D83C2-2E7E-34E9-B67A-74382187B3AE" otype="Relation" vid_source="F4D97DFA-A24C-2F5B-5DEC-6474DF172E53" vid_target="87A74C3E-8D3E-4C92-558F-5F5579249A4A">
<hideElementsInCurrentOnly>false</hideElementsInCurrentOnly>
<lineWidth>1</lineWidth>
<points>
<point x="750" y="201"/>
<point x="750" y="430"/>
</points>
</Connector>
<Connector class="oracle.dbtools.crest.swingui.logical.TVRelation" oid="2EEBA01B-6B0C-295E-5604-A070FAB69520" otype="Relation" vid_source="92190D10-7326-41DD-A8E7-9003E9FB3A7F" vid_target="F1E91235-0998-5C9E-CCA5-AED660080E5D">
<hideElementsInCurrentOnly>false</hideElementsInCurrentOnly>
<lineWidth>1</lineWidth>
<points>
<point x="136" y="154"/>
<point x="230" y="154"/>
</points>
</Connector>
<Connector class="oracle.dbtools.crest.swingui.logical.TVRelation" oid="38B8DC56-479F-1CB4-350D-C5A1A5B222A8" otype="Relation" vid_source="F4D97DFA-A24C-2F5B-5DEC-6474DF172E53" vid_target="C3900F71-B2D0-BE81-C389-EA04AAED11CA">
<hideElementsInCurrentOnly>false</hideElementsInCurrentOnly>
<lineWidth>1</lineWidth>
<points>
<point x="700" y="170"/>
<point x="544" y="170"/>
</points>
</Connector>
<Connector class="oracle.dbtools.crest.swingui.logical.TVRelation" oid="4AE1BB61-4270-BF9A-FAD7-C2039F650092" otype="Relation" vid_source="92190D10-7326-41DD-A8E7-9003E9FB3A7F" vid_target="D080C785-8F9F-8A75-8D20-74953554CCB8">
<hideElementsInCurrentOnly>false</hideElementsInCurrentOnly>
<lineWidth>1</lineWidth>
<points>
<point x="90" y="189"/>
<point x="90" y="280"/>
</points>
</Connector>
<Connector class="oracle.dbtools.crest.swingui.logical.TVRelation" oid="54DE4992-1E5D-D87E-17A9-273B32477C02" otype="Relation" vid_source="ED44A37C-F0FF-7CF4-2EB2-699CA85FC467" vid_target="D8943703-D89E-33F1-A2D3-0241E05015D0">
<hideElementsInCurrentOnly>false</hideElementsInCurrentOnly>
<lineWidth>1</lineWidth>
<points>
<point x="151" y="510"/>
<point x="310" y="510"/>
</points>
</Connector>
<Connector class="oracle.dbtools.crest.swingui.logical.TVRelation" oid="6E499666-4A2C-9185-2F31-E5A5CEE5114A" otype="Relation" vid_source="C3900F71-B2D0-BE81-C389-EA04AAED11CA" vid_target="986FD71C-E8D3-E04C-5943-176E967BFB3C">
<hideElementsInCurrentOnly>false</hideElementsInCurrentOnly>
<lineWidth>1</lineWidth>
<points>
<point x="465" y="214"/>
<point x="465" y="350"/>
</points>
</Connector>
<Connector class="oracle.dbtools.crest.swingui.logical.TVRelation" oid="72AF9B38-FE89-5CCF-CD0D-A5EFC0776CCD" otype="Relation" vid_source="C3900F71-B2D0-BE81-C389-EA04AAED11CA" vid_target="C3900F71-B2D0-BE81-C389-EA04AAED11CA">
<hideElementsInCurrentOnly>false</hideElementsInCurrentOnly>
<lineWidth>1</lineWidth>
<points>
<point x="544" y="190"/>
<point x="580" y="190"/>
<point x="580" y="240"/>
<point x="510" y="240"/>
<point x="510" y="214"/>
</points>
</Connector>
<Connector class="oracle.dbtools.crest.swingui.logical.TVRelation" oid="7F32B68B-545E-2E7B-2200-2A327A992D85" otype="Relation" vid_source="3A923792-A464-4942-0521-CCA4FC7A6FEF" vid_target="F1E91235-0998-5C9E-CCA5-AED660080E5D">
<hideElementsInCurrentOnly>false</hideElementsInCurrentOnly>
<lineWidth>1</lineWidth>
<points>
<point x="275" y="91"/>
<point x="275" y="130"/>
</points>
</Connector>
<Connector class="oracle.dbtools.crest.swingui.logical.TVInheritanceRelation" oid="81980348-D229-085C-989C-94D234CA0DA3" otype="Hierarchy relation" vid_source="986FD71C-E8D3-E04C-5943-176E967BFB3C" vid_target="D8943703-D89E-33F1-A2D3-0241E05015D0">
<hideElementsInCurrentOnly>false</hideElementsInCurrentOnly>
<lineWidth>1</lineWidth>
<points>
<point x="410" y="431"/>
<point x="410" y="480"/>
</points>
</Connector>
<Connector class="oracle.dbtools.crest.swingui.logical.TVRelation" oid="8F586197-AFDC-8958-CABA-A2028BD0C814" otype="Relation" vid_source="84DEC8DE-41D6-30CE-C419-9CB4F1E0D66A" vid_target="D8943703-D89E-33F1-A2D3-0241E05015D0">
<hideElementsInCurrentOnly>false</hideElementsInCurrentOnly>
<lineWidth>1</lineWidth>
<points>
<point x="327" y="346"/>
<point x="327" y="480"/>
</points>
</Connector>
<Connector class="oracle.dbtools.crest.swingui.logical.TVRelation" oid="A8EAEAD7-5C4D-25B1-034F-2339765D757D" otype="Relation" vid_source="F1E91235-0998-5C9E-CCA5-AED660080E5D" vid_target="C3900F71-B2D0-BE81-C389-EA04AAED11CA">
<hideElementsInCurrentOnly>false</hideElementsInCurrentOnly>
<lineWidth>1</lineWidth>
<points>
<point x="326" y="154"/>
<point x="430" y="154"/>
</points>
</Connector>
<Connector class="oracle.dbtools.crest.swingui.logical.TVRelation" oid="D7DD4652-7676-0682-0AE1-02496360C873" otype="Relation" vid_source="84DEC8DE-41D6-30CE-C419-9CB4F1E0D66A" vid_target="84DEC8DE-41D6-30CE-C419-9CB4F1E0D66A">
<hideElementsInCurrentOnly>false</hideElementsInCurrentOnly>
<lineWidth>1</lineWidth>
<points>
<point x="344" y="300"/>
<point x="360" y="300"/>
<point x="360" y="260"/>
<point x="330" y="260"/>
<point x="330" y="290"/>
</points>
</Connector>
<Connector class="oracle.dbtools.crest.swingui.logical.TVRelation" oid="E0696467-2639-3A24-97C2-7906A1E68C65" otype="Relation" vid_source="986FD71C-E8D3-E04C-5943-176E967BFB3C" vid_target="BF8FBCA5-5C13-345F-7735-A261BAC44CC6">
<hideElementsInCurrentOnly>false</hideElementsInCurrentOnly>
<lineWidth>1</lineWidth>
<points>
<point x="501" y="385"/>
<point x="560" y="385"/>
</points>
</Connector>
<Connector class="oracle.dbtools.crest.swingui.logical.TVRelation" oid="EE647B6F-BE3F-AF9F-2BBB-139C679FD120" otype="Relation" vid_source="87A74C3E-8D3E-4C92-558F-5F5579249A4A" vid_target="D8943703-D89E-33F1-A2D3-0241E05015D0">
<hideElementsInCurrentOnly>false</hideElementsInCurrentOnly>
<lineWidth>1</lineWidth>
<points>
<point x="710" y="485"/>
<point x="421" y="485"/>
</points>
</Connector>
<Connector class="oracle.dbtools.crest.swingui.logical.TVRelation" oid="F51BB236-634B-25D2-8466-05BAE970A10F" otype="Relation" vid_source="D080C785-8F9F-8A75-8D20-74953554CCB8" vid_target="ED44A37C-F0FF-7CF4-2EB2-699CA85FC467">
<hideElementsInCurrentOnly>false</hideElementsInCurrentOnly>
<lineWidth>1</lineWidth>
<points>
<point x="80" y="341"/>
<point x="80" y="460"/>
</points>
</Connector>
<Connector class="oracle.dbtools.crest.swingui.logical.TVRelation" oid="F55A0985-31E1-DFDF-5DAB-AE89DE4EB416" otype="Relation" vid_source="ED44A37C-F0FF-7CF4-2EB2-699CA85FC467" vid_target="CF073567-CD5B-66F1-2FB4-9C7791F294DE">
<hideElementsInCurrentOnly>false</hideElementsInCurrentOnly>
<lineWidth>1</lineWidth>
<points>
<point x="90" y="551"/>
<point x="90" y="600"/>
</points>
</Connector>
</connectors>
</Diagram>